TYPE,Account,NAME,CREATE,,
BROADCASTER,@StemCellOnDrugs,中国加油疫情必胜,20-Apr,, 
,@Trump2084,MAGA,20-Apr,,
Canned Content,@xiruoye,叶兮若,20-Apr,,
Canned Content,@qingxinlili,"黎沁心
",20-Apr,,
Canned Content,@Cherry16304442,"香港诊所姑娘Cherry
",20-Apr,,
Canned Content,@qiangweihh,"黑蔷薇
",20-Apr,,
Canned Content,@CasaundraCheat1,何为人,20-Apr,,
Canned Content,@CarmenS94977895,Hulda Newman,20-Apr,,
Media Mimicry ,@RSQ_China,自由太阳电台☀,20-Apr,,
BROADCASTER,@JessyJolivet,爱你的果果,20-Apr,,
,@0RlPOh1vVI2S8Bv,Ирина,20-Apr,,
,@D3DHZE0S2AxleLL,Ирина,20-Apr,,
,@mustafin_aset,Aset Mustafin,20-Apr,,
,@SMKqToJtTpsTiuq,Нурдаулет,20-Apr,,
,@nUzNgJRvZCfIwME,Дмитрий,20-Apr,,
,@Anna07349567,Anna,20-Apr,,
,@Anna62156627,Anna,20-Apr,,
,@Anna93815849,Anna,20-Apr,,
,@artkol7,art kol,20-Apr,,
,@BNYYKItzUK5Ziro,Владимир,20-Apr,,
,@DvFldVLCpt7QTi6,Коля Стопчанский,20-Apr,,
,@Elliott25689540,Elliott,20-Apr,,
,@ilyaflex,Ilyaflex,20-Apr,,
,@Irina03222688,Irina,20-Apr,,
,@Irina29279607,Irina,20-Apr,,
,@Irina79757097,Irina,20-Apr,,
,@Justin66671587,Justin,20-Apr,,
,@Lexxs14,Lexxs,20-Apr,,
,@lolilipkk,Lolilipkk,20-Apr,,
,@Lolilipkk1,Lolilipkk,20-Apr,,
,@Lolilipkk2,Lolilipkk,20-Apr,,
,@Lolilipkk3,Lolilipkk,20-Apr,,
,@Lolilipkk4,Lolilipkk,20-Apr,,
,@Maria42892991,Maria,20-Apr,,
,@Maria91861162,Maria,20-Apr,,
,@MnuEcqJ1eujjbrG,Владимир,20-Apr,,
,@Monika11545104,Monika,20-Apr,,
,@qqQKirWLwUXfrUM,Владимир М,20-Apr,,
,@QxbsnGwulkP9zEH,Владим,20-Apr,,
,@Rihanna84030969,Rihanna,20-Apr,,
,@Valeria08906476,Valeria,20-Apr,,
,@Valeria10028064,Valeria,20-Apr,,
,@Valeria42801542,Valeria,20-Apr,,
,@Valeria92901152,Valeria,20-Apr,,
,@ygolb2,Ygolb2,20-Apr,,
,@Angelin04741487,Angelina,20-Apr,,
,@Angelin95609386,Angelina,20-Apr,,
,@bdzxd967RU01UEc,митаитми,20-Apr,,
,@Irina29471538,Irina,20-Apr,,
,@Irina60368713,Irina,20-Apr,,
,@ivan_10_ru,Иван,20-Apr,,
,@lingyuede44,夏日,20-Apr,,
,@Maria11362367,Maria,20-Apr,,
,@Maria54326493,Maria,20-Apr,,
,@ningning671,叶宁,20-Apr,,
,@nuehairu34,气球,20-Apr,,
,@Olga30448288,Olga,20-Apr,,
,@Olga97249217,Olga,20-Apr,,
,@pw0TEdSoWCSPSeE,всаыв,20-Apr,,
,@qys3fjfAYtQumXg,итиа,20-Apr,,
,@RddMQjcDtS7Q4Qj,нррап,20-Apr,,
,@Sluter79091548,Sluter,20-Apr,,
,@Valeria60015920,Valeria,20-Apr,,
,@ygolb3,Ygolb3,20-Apr,,
,@yuechenghua82,悦城,20-Apr,,
,@6P3IyYST49hIVvT,還蓋茨妳,20-Apr,,
,@Anna89340562,Anna,20-Apr,,
,@Eddy51371663,Eddy,20-Apr,,
,@f0IGeBjChOeeylO,аа,20-Apr,,
,@Irina08628715,Irina,20-Apr,,
,@Irina52300539,Irina,20-Apr,,
,@Irina62951034,Irina,20-Apr,,
,@Irina71662507,Irina,20-Apr,,
,@Maria68989106,Maria,20-Apr,,
,@Paris86241637,Paris,20-Apr,,
,@Sergey32398771,Sergey,20-Apr,,
,@Valeria14321512,Valeria,20-Apr,,
,@Valeria56661529,Valeria,20-Apr,,
,@Valeria78026743,Valeria,20-Apr,,
,@4rNddrMSFWfAGpk,Евгения,20-Apr,,
,@dfsdf30321248,dfsdf,20-Apr,,
,@jdndf15,jdndf,20-Apr,,
,@MWsbGl1YpOGIlLj,Владими,20-Apr,,
,@naYnpcVbrwqmGCi,апвап,20-Apr,,
,@Norbert40902866,Norberto,20-Apr,,
,@SPJk8MtPuXJ6aVU,Сергей,20-Apr,,
,@sug5UxB4S9SpC13,Владими,20-Apr,,
,@Trell98787430,Trell,20-Apr,,
,@XG14VQVWFdtLkjC,Артем,20-Apr,,
Canned Content,@FaustinoElifr17,薄荷味的夏天,20-Apr,,
Canned Content,@HermineAlgier12,彼此、错过,20-Apr,,
Canned Content,@HsiuDeschambe14,偏爱枕惊鸿,20-Apr,,
Canned Content,@LubaDrow11,ヽ末迣情≤┓,20-Apr,,
Canned Content,@MonicaE17550600,我心亡！,20-Apr,,
Canned Content,@ReinaldoDuple19,清风拂面,20-Apr,,
,@zrCpdk0nQQsRaTF,Максим,20-Apr,,
,@Farkhad0,Farkhad.08_,20-Apr,,
,@zL0qzNn1sskDE4k,Наталья,20-Apr,,
,@niktary1,niktary,20-Apr,,
,@Viktor_Kislyy,Виктор Кислый,20-Apr,,
Canned Content,@2YboUpLJeKRwN24,盼盼,20-Apr,,
Canned Content,@HWP474ZnNLVVyfk,插刀教,20-Apr,,
Canned Content,@MdWdFearWSiZsyh,幸福一生,20-Apr,,
Canned Content,@xiangchang10,xiangchang,20-Apr,,
Canned Content,@zhangjuo,zhangjuo,20-Apr,,
Canned Content,@Dili56637984,Dili,20-Apr,,
Canned Content,@PABLOTO73696056,PABLO TORREZ,20-Apr,,
Canned Content,@lorenaf98867502,lorena ferreira do nascimento,20-Apr,,
Canned Content,@MorrisonVidya,你看我美不美,20-Apr,,
Canned Content,@Roydennis110,Roydennis,20-Apr,,
,@fAi6WZYwZ4wT0HK,Кристина,20-Apr,,
,@A27819433,Aртем,20-Apr,,
,@Alexand95996709,Alexander,20-Apr,,
,@AmyMeurer15,MERRY,20-Apr,,
,@grimmett_tracey,Tracey Grimmett,20-Apr,,
,@Jessica36738083,Jessica Smith,20-Apr,,
,@Jessica86594293,Jessica Peterson,20-Apr,,
,@JessSmi64507916,Jess Smith,20-Apr,,
,@JudyHer40525713,Judy Hernandez,20-Apr,,
,@JulieMo08636205,Julie Moore,20-Apr,,
,@KarenPoeticdiv4,Karen Poeticdiva,20-Apr,,
,@Katheri55680950,Katherine White,20-Apr,,
,@KatieDellemona1,Katie Dellemonache,20-Apr,,
,@KatieJa43496759,Katie Jackson,20-Apr,,
,@KatieRi03270065,Katie Richardson,20-Apr,,
,@KaylaCo38621102,Kayla Cox,20-Apr,,
,@KeishaW98732891,Keisha Wallace,20-Apr,,
,@KelliRo38787452,Kelli Rodriguez,20-Apr,,
,@KellyBr91836068,Kelly Brown,20-Apr,,
,@KellyHe13293767,Kelly Hernandez,20-Apr,,
,@KellyJe06673546,Kelly Jenkins,20-Apr,,
,@KimBatt09113486,Kim Battle,20-Apr,,
,@Kristen04939978,Kristen Vaughn,20-Apr,,
,@KristinaClari13,Kristina Claridge,20-Apr,,
,@LisaMas08695333,神兽,20-Apr,,
,@RuthTeixeira15,Ruth Teixeira,20-Apr,,
,@StaceyStronghe5,Stacey Strongheart,20-Apr,,
,@Tiffany31613122,Tiffany Williams,20-Apr,,
,@Tiffany62137174,Tiffany Flores,20-Apr,,
,@KSvDnXeQskHYnml,Денис,20-Apr,,
,@83RMqUIflpr486Z,Ольга,20-Apr,,
,@DpAA69gXkKumWGq,Сеня,20-Apr,,
,@German68933562,German,20-Apr,,
,@Ilona21557532,Ilona,20-Apr,,
,@k1JQTylttkF3LdU,Максим Васильович Палюга,20-Apr,,
,@KRRMNUQXiUfxnea,Чынгыз,20-Apr,,
,@Lolilipp12,Lolilipp,20-Apr,,
,@Lolilipp13,Lolilipp,20-Apr,,
,@Lolilipz3,Lolilipz,20-Apr,,
,@Y4sT6pcLT1VQ1ff,Сеня,20-Apr,,
Canned Content,@chenyihuan3,惭愧,20-Apr,,
Canned Content,@Jn4Wc,嘟嘟不吃南瓜籽,20-Apr,,
Canned Content,@wangxia96300605,wangxiao,20-Apr,,
Canned Content,@5b8IUzTmCQwFAZx,郑可微,20-Apr,,
Canned Content,@AWSPr5dZhyoz09H,99长青,20-Apr,,
Canned Content,@MEFZY4F84qj8bHu,偷走初ヘ心,20-Apr,,
Canned Content,@oXTi1hvZ0nuIh1B,书花画家,20-Apr,,
Canned Content,@rowf0PkNCNVUBZQ,妞妞娃儿~,20-Apr,,
Canned Content,@sander80027191,會飛嘅攝影機,20-Apr,,
Canned Content,@sdafds06817332,sdafds,20-Apr,,
Canned Content,@sdghdfiugiu,sdghdfiugiu,20-Apr,,
Canned Content,@hKV3vmKuouX42fj,佳佳,20-Apr,,
Canned Content,@Lestrejndz1,Lestrejndz,20-Apr,,
Canned Content,@mXujIAEZIX1oDev,Ангелина,20-Apr,,
Canned Content,@pGMGHibLYZ2gn3b,上好佳,20-Apr,,
Canned Content,@Q8ciNEzRBN7R9Qq,이진실,20-Apr,,
Canned Content,@WnBBEiOq5NplFY7,Владимир,20-Apr,,
Canned Content,@6Ck2NPkuhXCQv4i,Светлана,20-Apr,,
Canned Content,@Andrannik1,Andrannik,20-Apr,,
Canned Content,@AshleyR01911182,Ashley Rivera,20-Apr,,
Canned Content,@CarrieRoyer9,Carrie Royer,20-Apr,,
Canned Content,@Charlen95321032,Charlene Garcia,20-Apr,,
Canned Content,@F5wV48hadg9oKnS,Антон,20-Apr,,
Canned Content,@HofnerJill,Jill Hofner,20-Apr,,
Canned Content,@hussain_evelyn,Evelyn Hussain,20-Apr,,
Canned Content,@IOgDLsWGtO8EZeN,异世界中药铺,20-Apr,,
Canned Content,@Lolalol73014921,Lolalol,20-Apr,,
Canned Content,@MalPashka,MalPashka,20-Apr,,
Canned Content,@MtKe77YmW6JsPvM,Александр,20-Apr,,
Canned Content,@NuySherri,Sherri Nuy,20-Apr,,
Canned Content,@renjuanjin6912,人间仙境,20-Apr,,
Canned Content,@sanhaorenjia591,好好先生,20-Apr,,
Canned Content,@SarvarbekMamat1,Sarvarbek Mamatov,20-Apr,,
Canned Content,@SlDRcBJz6KUkDWm,Димасик,20-Apr,,
Canned Content,@WayeTracy,Tracy Waye,20-Apr,,
,@x2wCCJwOBIvaOoa,АЛЛА Емец,20-Apr,,
,@Tm2AYaWxMR4nLZu,Фазли,20-Apr,,
,@Elizabe29914006,卡戴珊香港分珊🇭🇰,20-Apr,,
,@JulieAr26660240,Julie Arnold,20-Apr,,
,@RachelJ67211464,Rachel Jones,20-Apr,,
,@AZYLW6NPbk4Yl6X,Евгений,20-Apr,,
,@Anna588058888,Alina,20-Apr,,
,@Anton53887146,Anton,20-Apr,,
,@Jackson08724627,Jackson,20-Apr,,
,@Lolilipi2,Lolilipi,20-Apr,,
,@Lolilipi7,Lolilipi,20-Apr,,
,@lolilipn,Lolilipn,20-Apr,,
,@Lolilipn5,Lolilipn,20-Apr,,
,@Lolilipn6,Lolilipn,20-Apr,,
,@Lolilipn7,Lolilipn,20-Apr,,
,@Lydmila66030899,Lydmila,20-Apr,,
,@PYLOI6tb789dvfL,Артем,20-Apr,,
Canned Content,@FMzYip4yCc18x5y,秋风行,20-Apr,,
Canned Content,@hEEEPjH7ZLw3gmT,都随我,20-Apr,,
Canned Content,@V3q6StSNPF1mnB6,幻化成风,20-Apr,,
Canned Content,@QBRxXrvd1w1aJim,玩水千山,20-Apr,,
Canned Content,@SFJIP5wnIPCCoaB,幽灵,20-Apr,,
Canned Content,@4swHZ4UaUiPcLPE,发威的少女,20-Apr,,
Canned Content,@LGCAFzntZczyGFe,1＋1,20-Apr,,
Canned Content,@LilCube13,LilCube,20-Apr,,
Canned Content,@Sandrenok2,Sandrenok,20-Apr,,
Canned Content,@TOFI54602088,TOFI,20-Apr,,
Canned Content,@AlyssaP30827479,Alyssa Peterson,20-Apr,,
Canned Content,@AshleyG54031251,Ashley Glover,20-Apr,,
Canned Content,@C7ywgWyjkqQP7w8,几点,20-Apr,,
Canned Content,@Charlot36408033,Charlotte Murray,20-Apr,,
Canned Content,@debbie_ming,Debbie Ming,20-Apr,,
Canned Content,@JennyBelt4,Jenny Belt,20-Apr,,
Canned Content,@JuraElaine,Elaine Jura,20-Apr,,
Canned Content,@NI5LuoQIuuHYcHo,Ольга,20-Apr,,
Canned Content,@o7NemXX088QF2VX,Людмила Рыбашова,20-Apr,,
Canned Content,@RZjwXz0o1tmROy5,兄弟赶海,20-Apr,,
Canned Content,@SobieskiTamara,Tamara Sobieski,20-Apr,,
Canned Content,@TanaWeinberg3,Tana Weinberg,20-Apr,,
,@Earl30672207,Earl,20-Apr,,
,@B9rDUtgZjQiO7kI,Дмитрий,20-Apr,,
,@EricaPr79486246,EE嘅小黑裙,20-Apr,,
,@ErikaRa10588171,人生不知归处,20-Apr,,
,@ErinHol35735779,请喊我静静,20-Apr,,
,@FeliciaYarbrou2,嚟自香港嘅小熊熊,20-Apr,,
,@KaraOls73232729,Kara Olsen,20-Apr,,
,@LeslieG58427907,Leslie Grant,20-Apr,,
,@Michell32722514,Michelle Boswell,20-Apr,,
,@SherifatRandol2,Sherifat Randolph,20-Apr,,
,@Stephan37665919,Stephanie Varela,20-Apr,,
,@VictoriaBadger7,Victoria Badger,20-Apr,,
,@vOX2GPSu1vOsOeU,زيد محمد,20-Apr,,
,@Darrin74316141,Darrin,20-Apr,,
,@dimon73773566,dimon,20-Apr,,
,@Gordon13541065,Gordon,20-Apr,,
,@Larry83517758,Larry,20-Apr,,
,@UeFgp5dStzNwage,Екатерина Вяткина,20-Apr,,
,@uXUm2mlD0ZsnoEA,Резеда,20-Apr,,
Canned Content,@0uWdvNMO1me2bua,高坂丽奈丷,20-Apr,,
Canned Content,@MollQueena,黄奕,20-Apr,,
Canned Content,@NzHnbLgEetoI39n,暴风雨,20-Apr,,
Canned Content,@caomaohaizei,宋子嵩,20-Apr,,
Canned Content,@4ux3SzVILztWOgU,当初那艘船,20-Apr,,
Canned Content,@64lZiPIOx0F1khe,Алиса,20-Apr,,
Canned Content,@ahs0sdX39Em36A3,佳佳,20-Apr,,
Canned Content,@CJyan666,Jyan cheng,20-Apr,,
Canned Content,@ElizabethBokor1,高冷,20-Apr,,
Canned Content,@GJKsbGsy5uGSE49,Татьяна Мартынец,20-Apr,,
Canned Content,@Gray40150649,Gray,20-Apr,,
Canned Content,@JessieW84844606,带上3肥嘟嘟,20-Apr,,
Canned Content,@KLLEMqWQ8kScvtd,鼓天乐,20-Apr,,
Canned Content,@Melissa69764031,多多金,20-Apr,,
Canned Content,@MirandaHorn18,Mira,20-Apr,,
Canned Content,@Nurdan15406723,Nurdan,20-Apr,,
Canned Content,@rerturkcck,rec,20-Apr,,
Canned Content,@Vladimi27647637,Vladimir,20-Apr,,
Canned Content,@XIj0APwLgnEOWAX,Ольга,20-Apr,,
Canned Content,@AshleyT53502125,Ashley Thomas,20-Apr,,
Canned Content,@Aylin62028226,Aylin,20-Apr,,
Canned Content,@Jennife58530430,Jennifer Holloway,20-Apr,,
Canned Content,@Melissa18851030,Melissa Rodriguez,20-Apr,,
Canned Content,@Michell14784687,Michelle Schuster,20-Apr,,
Canned Content,@rbns1419,平成奈美香rbns1419,20-Apr,,
Canned Content,@rubyping034,rubyping034,20-Apr,,
Canned Content,@rW5O0MaN6372pSk,Константин,20-Apr,,
Canned Content,@wc5NheUfEg6Aico,Александр Дов,20-Apr,,
,@helingroad667,日出,20-Apr,,
,@Lucia50160625,Lucia,20-Apr,,
,@ringyungle993,山峰,20-Apr,,
,@BlackDorrian,Dorrian_Black,20-Apr,,
,@dAxLmdzb0ycwknP,Анастасия,20-Apr,,
,@valm5638,Валерий,20-Apr,,
,@qQ8sGMQlY5SMx78,катя+,20-Apr,,
,@Dementii4,Dementii,20-Apr,,
,@Arsenii85328512,Arsenii,20-Apr,,
,@iTR2IqDbQrMW8gL,Антон Герлейн,20-Apr,,
,@Nikon15097628,Nikon,20-Apr,,
,@Oktiabrin1,Oktiabrin,20-Apr,,
Canned Content,@Mbks1XrDDotGq5F,暧昧,20-Apr,,
Canned Content,@8SIeDYVnwh3NyM8,大肆扩军,20-Apr,,
Canned Content,@ALECSEY20806436,ALECSEY,20-Apr,,
Canned Content,@Andrzej69086778,Andrzej,20-Apr,,
Canned Content,@China50752217,China 迪,20-Apr,,
Canned Content,@m7mzFVJOqOY5CPO,西西,20-Apr,,
Canned Content,@KelliPa65563106,Kelli Palmer,20-Apr,,
Canned Content,@pKy4t34fSgfE1ah,推理爱情,20-Apr,,
,@anxiangyy,暗香吟,20-Apr,,
,@DTOaBocQLjDJ3Cq,Екатерина,20-Apr,,
,@bUO4bDopVmAgIaV,Сергей,20-Apr,,
,@C3UVTUe3z7WZAhT,Юлия,20-Apr,,
,@KhzvLsKAL9bwiSu,Виктория,20-Apr,,
Canned Content,@TqDYP3QVb5UUPOo,为了未来,20-Apr,,
Canned Content,@Xq6mNYbwQxqQMtO,冷光誉,20-Apr,,
Canned Content,@hS7phKyx5Y9THAS,火火火火火火火火,20-Apr,,
Canned Content,@lB2dP4pqvVlHAob,火火火火,20-Apr,,
Canned Content,@o8JatNOwVyzHpWU,火火火火火火火火火火,20-Apr,,
Canned Content,@P4vGKUEt3SDml4e,火火,20-Apr,,
Canned Content,@PC9sBWRzqvgqdUh,火火火火火火,20-Apr,,
Canned Content,@rW1E6sYTAuvPcwq,怂怂怂怂怂怂,20-Apr,,
Canned Content,@XuOdgsvWdRcWKee,火火火,20-Apr,,
Canned Content,@EDBTTf8EF9JGzWU,Виктория,20-Apr,,
Canned Content,@VictoryHongKong,战胜疫情,20-Apr,,
Canned Content,@wtr15K180JaWidV,动次打次,20-Apr,,
Canned Content,@Aleksan68102198,Aleksandr,20-Apr,,
Canned Content,@Anna27685224,Anna,20-Apr,,
Canned Content,@Artem70688630,Artem,20-Apr,,
Canned Content,@Mohsink89782785,Mohsin khan,20-Apr,,
Canned Content,@ruringboat532,天鹅湖,20-Apr,,
,@xqCwmOPj0SLy0sY,Надежда,20-Apr,,
,@sH3KEZblTFrdu8O,Николай Владимирович Веприцкий,20-Apr,,
,@Robbenn12,Robbenn,20-Apr,,
,@hNrVlcgAZClWOHL,Аня,20-Apr,,
,@Nina37509083,Nina,20-Apr,,
,@Sanek17931974,Sanek,20-Apr,,
,@Vesta49800687,Vesta,20-Apr,,
Canned Content,@DGIiV6fPXZYWLj3,龖龖龖龖龖龖龖龖,20-Apr,,
Canned Content,@peruano_anonimo,Anonimo Peruano,20-Apr,,
Canned Content,@RossieFleuran20,选择放手,20-Apr,,
Canned Content,@TonyaWr48938954,Tonya Wright,20-Apr,,
Canned Content,@TrudyPr56922271,谁能在乎我,20-Apr,,
Canned Content,@VickyChidambar1,你的眼眸,20-Apr,,
Canned Content,@8cf8Bs8GeLF9spV,Миша,20-Apr,,
Canned Content,@Jannatka9196,Жаннат,20-Apr,,
Canned Content,@quruingbey03,幸福是什么,20-Apr,,
Canned Content,@ruheping467,希望,20-Apr,,
Canned Content,@Ta23622239,Ta,20-Apr,,
Canned Content,@Yesset87047996,Yesset,20-Apr,,
,@maminova77,Мария,20-Apr,,
,@Ivan86164922,Ivan,20-Apr,,
,@Nikita73482467,Nikita,20-Apr,,
Canned Content,@HC9ARJD3jf0iX4C,穿越,20-Apr,,
Canned Content,@ChasZieglen12,笑眼生姿娇,20-Apr,,
Canned Content,@ClydeKanda18,茄子是我打紫哒,20-Apr,,
Canned Content,@Digitalogo1,Digitalogo,20-Apr,,
Canned Content,@galina_venz,Galina Venz,20-Apr,,
Canned Content,@HongShuker7,劈天斧,20-Apr,,
Canned Content,@sir_sirry,Sir_Sirry,20-Apr,,
Canned Content,@StaceyGossman13,『萌了一堆』,20-Apr,,
Canned Content,@ZofiaRamage13,嘉嘉,20-Apr,,
Canned Content,@e8LTR4dcHnVPKjG,Александр Шилов,20-Apr,,
Canned Content,@KennyConliffe11,太阳下微笑,20-Apr,,
Canned Content,@WLAKSTmVfUB0fky,廖翔,20-Apr,,
,@y0YPLEO0q5Y00jf,高世哲,20-Apr,,
Canned Content,@CindyDraper13,Cindy Draper,20-Apr,,
Canned Content,@Gcdsay1,小美,20-Apr,,
Canned Content,@SharonRud4,Sharon Rud,20-Apr,,
Canned Content,@15MsIDVTpPRjdtS,谭翔,20-Apr,,
Canned Content,@5jhOJi0NAob79Ni,常可,20-Apr,,
Canned Content,@adrtwyueb7841,悬崖峭壁,20-Apr,,
Canned Content,@aqwhusje8132,茫茫人海,20-Apr,,
Canned Content,@hdjuengd8975,万物复苏,20-Apr,,
Canned Content,@HI7JoT5KoTN46Ef,白迪,20-Apr,,
Canned Content,@TaraJac79248959,睹物思人,20-Apr,,
Canned Content,@tttbMdpE64hUHbk,我是010,20-Apr,,
Canned Content,@uttY5AjWd64fSCF,Юлия,20-Apr,,
,@D4QFUbuuvBoodns,Анна Архаткина,20-Apr,,
,@g1I5zNAx4fWTIFT,Роберт,20-Apr,,
,@fMVgCWEhGCgBA3p,Николай Смирнов,20-Apr,,
PLA,@v587_china,第一集团军总司令,20-Apr,,
Tsai iing wen,@iingwen_die,自由成人電台編輯蔡英文,20-Apr,,
忽悠,@ChinaHuyouju,战略忽悠局总部办公室,20-Apr,,
,@Chinese2Vom,雄三打蚊子,20-Apr,,
,@fakeYouEveryDay,"🇨🇳🇭🇰香港麻酱🇭🇰🇨🇳的第三帳号
",20-Apr,,
,@SUN___XIAOCHUAN,🇨🇳司承,20-Apr,,
,@d0notbeevil,平头哥 Honey Badger 🇨🇳,20-Apr,,
,@ H_mazloom_china,侯赛因·马祖卢姆,20-Apr,,
Canned Content,@jrvjdue2777,米之家,20-Apr,,
Canned Content,@KarlynWeisenh19,六贝勒,20-Apr,,
Canned Content,@yanmengyan,卷眼朦,20-Apr,,
Canned Content,@Eth66150132,枫之信-Eth,20-Apr,,
Canned Content,@Barbara51243506,Prudence Hewlett,20-Apr,,
Canned Content,@Allison79542528,"Bertram Rhys
",20-Apr,,
Canned Content,@BrandyH21227592,Atwood DeQuincey,20-Apr,,
Canned Content,@BrittanyMorfor2,Eden Gus,20-Apr,,
Canned Content,@AnaShie65276592,Lynn Carey,20-Apr,,
白左团,@wLiUqOdmuBxsJ5i,冷江,20-Apr,,
1949.10.1,@RealPRC,真中国頻道,20-Apr,,
1949.10.1,@zhihu_quora,自由知乎电台 Radio Free Bilibili,20-Apr,,
,@RFA_Hainan,自由海南电台,20-Apr,,
Canned Content,@mao524zg,mao24zg,20-Apr,,
Canned Content,@GpT1vFSraV8fesJ,随波逐流,20-Apr,,
Canned Content,@XVBAk5yn1sujmqb,肖元平,20-Apr,,
Canned Content,@Agv0TkQOufbEJXN,飘忽不定的飘飘,20-Apr,,
Canned Content,@gYKw5ozLBo0aR0I,微笑面对,20-Apr,,
Canned Content,@ye8QPORV01dYTao,飘忽不定,20-Apr,,
Canned Content,@BrandiMatejcek,Lily Cand,20-Apr,,
Canned Content,@AliciaM00823122,marry wood,20-Apr,,
Canned Content,@AmyHend80230352,Marly Beer,20-Apr,,
Canned Content,@CathyWa35081794,Lucy Jones,20-Apr,,
Canned Content,@ChnXihuan,xihuan#CHN,20-Apr,,
Canned Content,@Galina27877197,Galina,20-Apr,,
Canned Content,@Kapina68542381,Kapina,20-Apr,,
Canned Content,@PFjbVHhUVumpC1u,Богдан Орел,20-Apr,,
Canned Content,@william48910106,williams,20-Apr,,
Media Mimicry ,@RFA_Adults,自由成人電台 Radio Free Adults,20-Apr,,
Media Mimicry ,@DailyXiaochuan,笑川日報DailyXiaochuanAries,20-Apr,,
Media Mimicry ,@freedom_jilin,雾凇日报,20-Apr,,
Media Mimicry ,@HLJchinese,HLJ中文频道,20-Apr,,
,@AnwarLit,anwar lit,20-Apr,,
Canned Content,@7Q4wuBWepCRZXdY,喜欢雪糕,20-Mar,,
Canned Content,@DavidLe00969069,DavidLee,20-Mar,,
Canned Content,@cekIOinBnG3JWzH,唐学雷,20-Mar,,
Canned Content,@WT6Ia0dAinzsa5D,李燕均,20-Mar,,
Canned Content,@MilesGuo12,#MilesGuo龟龟🐢贵龟,20-Mar,,
Canned Content,@KaylaFa16752020,国好发,20-Mar,,
Canned Content,@MCI27555001,MCI,20-Mar,,
Canned Content,@melnukvadin,melnukvadin,20-Mar,,
Canned Content,@Mertozgunnn,Mert Özgün,20-Mar,,
Canned Content,@Tusik62045920,Tusik,20-Mar,,
Canned Content,@xFaoBw2hSqG7zPz,第二十个,20-Mar,,
Canned Content,@1world_1fight,One World,20-Mar,,
Canned Content,@jermane05499,盘湾小路,20-Mar,,
,@32rh4FWWRDnP0rd,勇闯天涯,20-Mar,,
,@george1988524,鸾尾花,20-Mar,,
,@ROB31152,竹叶青,20-Mar,,
Canned Content,@48t7j5ZiFgPgzdY,алекс Алексс,20-Mar,,
Canned Content,@Aygerim68054589,Aygerim,20-Mar,,
Canned Content,@MilesGuo8,粉粉和蓝蓝,20-Mar,,
Canned Content,@Theresa00746336,耶律,20-Mar,,
Canned Content,@yasinthashanak4,yasinthashanaka,20-Mar,,
Canned Content,@OygbSQNEad7VqFC,Айгуль,20-Mar,,
Canned Content,@UgaV7jtxB8od6qE,征琳坚,20-Mar,,
Canned Content,@zCHGB2uG1KfzE4P,Елена,20-Mar,,
,@zQS01cyfc7HhDf6,Нина,20-Mar,,
Canned Content,@EnFx4M14PJ47deB,李燕,20-Mar,,
Canned Content,@QDxeXhJMdOPlOpx,陈林利,20-Mar,,
Canned Content,@IfgTwt06g4DRSfH,许光媚,20-Mar,,
Canned Content,@KOEEsXc0tuZ1oLr,彭三娥,20-Mar,,
Canned Content,@omHA8uka2dxyGqW,符小利,20-Mar,,
Canned Content,@ChopraJiwon,yrongdy,20-Mar,,
Canned Content,@DonnaSm61706822,婆萝,20-Mar,,
Canned Content,@EmilyBr36649795,xiciciviy,20-Mar,,
Canned Content,@GayleAl74061565,守望,20-Mar,,
Canned Content,@JamieRa07370716,淼哥,20-Mar,,
Canned Content,@MaryKinneberg19,香港爷们,20-Mar,,
Canned Content,@Melissa29356838,凱旋門問,20-Mar,,
Canned Content,@Reda3251,Reda325,20-Mar,,
Canned Content,@Rochell99275747,展颜,20-Mar,,
Canned Content,@SarahMi36948355,阡阡,20-Mar,,
Canned Content,@StaceyR66777082,香港岛Boy,20-Mar,,
Canned Content,@YolandaGabaldo4,香港本色,20-Mar,,
Canned Content,@MissyLy32059421,Nissy Fynn,20-Mar,,
Canned Content,@bvf3lu,梦里花,20-Mar,,
Canned Content,@PSpajbp,鸡你太美,20-Mar,,
Canned Content,@kamel_merouane,merouane mohammed kamel,20-Mar,,
Canned Content,@t1Empb1W8R9mkFI,像風一樣,20-Mar,,
Canned Content,@ADgR5iO5uhk9LxI,Арина,20-Mar,,
Canned Content,@JamieTa41616504,TANNY,20-Mar,,
Canned Content,@LauraWi86337484,WILLY,20-Mar,,
,@OTGFkyylkU8ulsQ,Виталий Наумов,20-Mar,,
,@Hacker80476638,Hacker,20-Mar,,
Canned Content,@8Q6mNNTirQDT4XQ,流浪河边野草,20-Mar,,
Canned Content,@NH9djzbgoH2CdBW,卫生纸的用处,20-Mar,,
Canned Content,@furik22713328,furik,20-Mar,,
Canned Content,@Gcakjcs1,Gcakjcs,20-Mar,,
Canned Content,@EMatuzkov,Edik matuzkov,20-Mar,,
Canned Content,@jiXK05tYzhY4hEb,无眠,20-Mar,,
Canned Content,@kbn79273230,メ错了而已,20-Mar,,
Canned Content,@kmh72106569,º khuntoria,20-Mar,,
Canned Content,@Kv9CFS4VEklX9sE,乔廷在乌克兰,20-Mar,,
Canned Content,@mnb50202453,ㄣ小丑,20-Mar,,
Canned Content,@nab09898216,触动ぅ,20-Mar,,
Canned Content,@SBlwOOcE1HxbgqX,漫威百科,20-Mar,,
Canned Content,@Veguk3,Veguk,20-Mar,,
Canned Content,@RgvGEvMy1LqJbhr,甜甜圈,20-Mar,,
Canned Content,@Ce3Pe9,神奇六侠,20-Mar,,
Canned Content,@CoSutpp10,火恐龙的愤青,20-Mar,,
Canned Content,@ralx5k7dc9,神奇六侠,20-Mar,,
Canned Content,@WvfW4s778,奥利奥,20-Mar,,
Canned Content,@KGkbN21yNxcagEK,多喝点水,20-Mar,,
Canned Content,@4GGf1EIigRYLH2d,suyongke,20-Mar,,
Canned Content,@dvCm2EuL6EIUQ9n,井胧,20-Mar,,
Canned Content,@NvjbcQr7zhXDGJd,Татьяна,20-Mar,,
,@Aleks72345167,#NAME?,20-Mar,,
Canned Content,@Op7Up421,精神小伙,20-Mar,,
Canned Content,@DWzOe8jsWdsErDS,Викуля,20-Mar,,
,@x_mizah,X.mizah,20-Mar,,
,@pu2cbyE01D2NPnM,Влад,20-Mar,,
,@DSUB6kMz1LXcr1N,александр,20-Mar,,
,@Mrshen81306009,Mr.shen,20-Mar,,
,@RqwxDV4FbmomhfY,Яна,20-Mar,,
Canned Content,@FrCds5sur5hYbbi,红孩儿,20-Mar,,
Canned Content,@QueOXbRgCrTyjFt,骗子的世界,20-Mar,,
Canned Content,@carter103818392,拓清,20-Mar,,
Canned Content,@nxJrTi4cXOBS5ZI,矿山,20-Mar,,
Canned Content,@OxtncWDydc9Gpxg,Эдик Матузков,20-Mar,,
,@gulilianai,MARKit Qeccinio,20-Mar,,
,@lucncicinio,Lucas Dininoler,20-Mar,,
,@xX0MjXwL5CR5C6z,Сергей,20-Mar,,
,@8w4GVcl35abjZGO,Артём,20-Mar,,
,@ukVmozoOgdFAmSw,Антон,20-Mar,,
Canned Content,@dkdkUSD0Aoj7a5S,秃头哥,20-Mar,,
Canned Content,@ZQC3VSv8ySGJ6BJ,Катерина,20-Mar,,
Canned Content,@AkersShadow,东风D31,20-Mar,,
Canned Content,@BecknerEdlin,时代峰峻,20-Mar,,
Canned Content,@BerniePeake,红花檵木,20-Mar,,
Canned Content,@BinkSim,大妮儿,20-Mar,,
Canned Content,@CantwellEdd,艾德,20-Mar,,
Canned Content,@GastonWordswor1,喜新厌旧者,20-Mar,,
Canned Content,@SpracklingWill,唯你醉愛,20-Mar,,
Canned Content,@TanFallen1,画家算法,20-Mar,,
Canned Content,@Ouduau2uszElNg7,Юргин,20-Mar,,
,@jesusad24498725,jesus adrian roman roman,20-Mar,,
,@valeriyakr2,valeriyakr,20-Mar,,
,@5R1iZFcVEPvsfQG,Тамара Ларионова,20-Mar,,
,@x53HykzrYCOyLn5,Иван Козлов,20-Mar,,
Canned Content,@aO4O0ujYmpohaM8,용영이,20-Mar,,
Canned Content,@DiamondAricha13,看不透,20-Mar,,
Canned Content,@JonathonCulbe10,泪思,20-Mar,,
Canned Content,@OtiliaMirra4,残缺の宿命,20-Mar,,
Canned Content,@OxbM4rP2lO6r4j4,你比从前快乐,20-Mar,,
Canned Content,@tvPVGyX9sAErPRC,александр,20-Mar,,
Canned Content,@VeronicaConda10,你艳眼,20-Mar,,
Canned Content,@Yliana15763708,Yliana,20-Mar,,
BROADCASTER,@BarbaraTomicki,风继续吹,20-Mar,,
兔子,@YPOnlarZPmwsQbY,Abe dory,20-Mar,,
忽悠,@abudlry,中国人民解放军战略忽悠局湖南省分局李继远,20-Mar,,
忽悠,@chanzzpp,中国人民解放军战忽局广东省分部书记陈泽民,20-Mar,,
忽悠,@r6vdt5smuu3ircl,中华人民共和国战略忽悠局人宣部,20-Mar,,
,@a7BdaSSeyL4czNw,zhaoxuesong（Master account is frozen）,20-Mar,,
兔子,@LongliveChina99,人才浪迹天涯,20-Mar,,
Canned Content,@JennaKe27665999,"就是这么丰满
",20-Mar,,
Canned Content,@NicoleS00264634,开天辟地,20-Mar,,
Media Mimicry,@CHINAandUSA,FCA radio(Freedom) ☬,20-Mar,,
白左团,@NMSLWDNMD6324,🌈带带太帅兄🌈,20-Mar,,
Canned Content,@gmOT3OAO1sE27n8,悠悠,20-Mar,,
Media Mimicry ,@ie4www,DiscardUrPrejudice,20-Mar,,
Media Mimicry ,@MdrC3SxFBlHhcRD,自由猎户座旋臂电台,20-Mar,,
Media Mimicry ,@nytchineseparal,平行時空紐約時報中文網,20-Mar,,
Canned Content,@WpXErHJVRe3POK6,玉皇大帝,20-Mar,,
Canned Content,@5kOxDluwLk1rlIb,Анна Егорова,20-Mar,,
Canned Content,@jmHrbPnZXkGJNE5,疏婕,20-Mar,,
Canned Content,@RG0fD8WCSveZ6So,蒋光荣,20-Mar,,
Canned Content,@ynKyPrxsfh6yC4e,娜娜,20-Mar,,
Canned Content,@AmyMoll43694342,旺仔小王子,20-Mar,,
Canned Content,@lglp9ZBDHw7dY8i,王霸！,20-Mar,,
Canned Content,@lusharwt,lusharwt,20-Mar,,
Canned Content,@dvAVQxo5bvXTu4E,踏花游湖,20-Mar,,
Canned Content,@KathyTa16883672,Kathy Taylor,20-Mar,,
Canned Content,@LaducerLinda,Linda Laducer,20-Mar,,
Canned Content,@RenaMar68649870,亲爱的,20-Mar,,
Canned Content,@April94825205,April,20-Mar,,
Canned Content,@Ft3jkRIeynOkh4J,堵涛若,20-Mar,,
Canned Content,@GraySploits,Gray Sploits,20-Mar,,
Canned Content,@RaeleneFried8,眉目爱人,20-Mar,,
,@LNG7hoKBSuGUenj,Саша,20-Mar,,
,@AArahmov,Aram arahmov,20-Mar,,
,@pf5DGYLyR1y9fgo,Костянтин,20-Mar,,
Canned Content,@6C2mwq6gRlUFdci,安迪,20-Mar,,
Canned Content,@27AccLpydIVIbAj,皇甫娴婉,20-Mar,,
Canned Content,@AngieCa49661044,范德薩v,20-Mar,,
Canned Content,@cheryl_madia,佛擋殺佛,20-Mar,,
Canned Content,@kzkmAI2h5YrmdJM,云玩家,20-Mar,,
Canned Content,@ZZxAlFiIWHsRO1X,云卷云舒,20-Mar,,
Canned Content,@KAXDjsdpTFEQmH9,Татьяна Бем,20-Mar,,
,@Cw0DJqKUcwaFsUX,Даниил,20-Mar,,
,@nNqtfOMqC3NxDl7,Чилита Бутко,20-Mar,,
Canned Content,@Ashleig64685606,Ashleigh Miller,20-Mar,,
Canned Content,@MeganYergeau4,發的我是,20-Mar,,
Canned Content,@TaraWil51954546,佳佳,20-Mar,,
Canned Content,@TracyMontiel2,六六,20-Mar,,
,@Suhrob67018280,Suhrob,20-Mar,,
Canned Content,@AngelaM89821016,嘉,20-Mar,,
Canned Content,@CamilaLaguerre,嘉西西,20-Mar,,
Canned Content,@HeatherFukushi4,丰港留香處處跳,20-Mar,,
Canned Content,@KeishaW49449872,烂郭不是锅,20-Mar,,
Canned Content,@MorganM13648208,雖心靜如水,20-Mar,,
Canned Content,@SaraCoo99836342,Sara Cook,20-Mar,,
Canned Content,@Bo4TWChV2lK9B5k,浅秋,20-Mar,,
Canned Content,@JEcABg80GHrJAOP,薄荷味,20-Mar,,
Canned Content,@LisaWil96701994,丽莎,20-Mar,,
Canned Content,@0otG2YV0wXqPogt,睇海聽風,20-Mar,,
Canned Content,@LeslieB93728306,李小夏,20-Mar,,
Canned Content,@Melissa66493022,李小冉,20-Mar,,
Canned Content,@YLbFpKPiD3U6GS5,真永遠,20-Mar,,
Canned Content,@Marissa66093067,水漾,20-Mar,,
Canned Content,@HeidiBergseth3,丰花雪月乐悠悠,20-Mar,,
Canned Content,@TinaGre25598073,睢大聖,20-Mar,,
Canned Content,@amy7956565,艾米艾米,20-Mar,,
Canned Content,@melissa5995900,花草间,20-Mar,,
Canned Content,@ru94883330,享受生活,20-Mar,,
Canned Content,@lt0ALBmrKoDhYr4,葵雨,20-Mar,,
Canned Content,@DionneSavoy,肖艾米,20-Mar,,
Canned Content,@inesa87422211,inesa,20-Mar,,
Canned Content,@SjL9SFhT58JQvcf,遍地花香,20-Mar,,
Canned Content,@1tbaaC5iK2Wcrr8,雨后彩虹,20-Mar,,
Canned Content,@ESdekver8nYDFd9,斜阳下微笑,20-Mar,,
Canned Content,@VCcnZlFKRF3k5JE,夏雨潇潇,20-Mar,,
Canned Content,@10eRTzWV0DxiK2p,女神经怎么了,20-Mar,,
Canned Content,@C11627959,人走茶易凉°C,20-Mar,,
Canned Content,@IceyV73FWbk9O7e,徒手摘星星.,20-Mar,,
Canned Content,@Stephan60820861,Stephanie Lewis,20-Mar,,
Canned Content,@Brittan98801492,上天梯,20-Mar,,
Canned Content,@JillFos46057074,浪里白条,20-Mar,,
Canned Content,@KateGar56110519,俊峰,20-Mar,,
Canned Content,@ReneeGl82803487,采花蜜,20-Mar,,
Canned Content,@Roberta06179183,爱心嚼螺,20-Mar,,
Canned Content,@TracieS30978682,你是谁,20-Mar,,
,@pYS0BttOd7rKvTP,打不倒的宝宝,20-Mar,,
,@LauraAr00260742,尼古拉斯狗蛋,20-Mar,,
,@BeBR6pmQ7Fe2uAN,我就看看不说话,20-Mar,,
Canned Content,@Cynthia38653544,小倩,20-Mar,,
Canned Content,@MariaCa68995621,毛毛,20-Mar,,
Canned Content,@CielKily,CielKily,20-Mar,,
Canned Content,@Colleen45589721,Colleen Holt,20-Mar,,
Canned Content,@JennySi93077597,Jenny,20-Mar,,
Canned Content,@KellyMu23506661,Kelly Murphy,20-Mar,,
Canned Content,@KimHibbard7,Kim Hibbard,20-Mar,,
Canned Content,@CarrieHigareda,张建峰,20-Mar,,
Canned Content,@MedinaOphe,爱琴海,20-Mar,,
Canned Content,@DianeGipson11,追龙America,20-Mar,,
Canned Content,@Elizabe99310511,ezasdwcs,20-Mar,,
Canned Content,@KurlLily,Lily Kurl,20-Mar,,
Canned Content,@Vanessa22861410,vsqwed45,20-Mar,,
Canned Content,@ErikaBr71069843,尼古拉斯狗蛋,20-Mar,,
Canned Content,@LisaAll38793765,Lisa Allen,20-Mar,,
,@op9JXdIDbocqdkA,幸福像花儿一样,20-Mar,,
Canned Content,@BethAve50819688,Sara,20-Mar,,
Canned Content,@HeidiMa36426024,Heidi Malone,20-Mar,,
Canned Content,@JonasOdette,Odette Jonas,20-Mar,,
Canned Content,@LisaJan31386146,sen,20-Mar,,
Canned Content,@Patrici96211601,看不见我吧,20-Mar,,
Canned Content,@SarahGr05966565,追龙在天,20-Mar,,
Canned Content,@Allison63201862,仙仙仙,20-Mar,,
Canned Content,@AnneHar49590210,靜雲,20-Mar,,
Canned Content,@Catheri99004462,仙,20-Mar,,
Canned Content,@MarissaTrescas1,鬼鬼鬼,20-Mar,,
Canned Content,@ReneeHu43843358,仙仙仙仙,20-Mar,,
Canned Content,@RobinKi86634703,鬼鬼,20-Mar,,
,@TawanaB82356645,你的小仙女,20-Mar,,
,@AnnaCox14418147,仙仙仙仙仙仙,20-Mar,,
,@AnnAnde55722128,Ann Anderson,20-Mar,,
,@KeriMit12993310,Keri Mitchell,20-Mar,,
,@LisaCam48793540,Lisa Camacho,20-Mar,,
,@Jennife99373147,浪花一朵朵,20-Mar,,
,@NicoleS68241051,Miaow,20-Mar,,
,@KhaledR41878384,Khaled Reda,20-Mar,,
Canned Content,@Natasha73301774,Natasha,20-Mar,,
Canned Content,@Nikita91118859,Nikita,20-Mar,,
Canned Content,@GinaCagas,披荆斩棘,20-Mar,,
Canned Content,@JaneMil78166000,团团圆圆日,20-Mar,,
Canned Content,@Latrice91540549,天边的太阳,20-Mar,,
Canned Content,@nsBgnrxDrMDr4Da,ChelseaFans🇭🇰😷,20-Mar,,
Canned Content,@XXQ16117643,XXQ,20-Mar,,
Canned Content,@MaryJon89453061,Deborah,20-Mar,,
,@Lantianyuner,天上的云儿呀,20-Mar,,
Canned Content,@1IhMNDEYLXoRcmN,落月成孤倚,20-Mar,,
Canned Content,@CeS1FqvLF0jeOhY,Luna,20-Mar,,
Canned Content,@5j7DF6ekINvtYTj,冰樱之雪,20-Mar,,
Canned Content,@AnitaHo42630631,孫寧靜,20-Mar,,
Canned Content,@LatashaLynn20,天荷,20-Mar,,
,@JillBry07343308,爱你永远不会变,20-Mar,,
,@JudithS59675651,还我飘飘拳,20-Mar,,
,@Shannon37635545,这个猫有点凶,20-Mar,,
Canned Content,@FAodmjYue9pDIB8,张欣欣,20-Mar,,
Canned Content,@SL7UDNARulsi0ws,像花儿一样,20-Mar,,
Canned Content,@NicoleD48089392,开开,20-Mar,,
Canned Content,@gangwenjun,gangwenjun,20-Mar,,
Canned Content,@TK3m4wzMlO8Zs8D,香港平民,20-Mar,,
,@B6xxKNlDE17JqCu,韩雪,20-Mar,,
,@jessica955521,小萝卜头,20-Mar,,
,@susan338432,苏珊珊,20-Mar,,
,@IsabelF50099536,Isabel Foster,20-Mar,,
Canned Content,@mohamma58303441,mohammad,20-Mar,,
Canned Content,@6GfdqJDt0Yu1bVz,晓星尘,20-Mar,,
Canned Content,@EmilyRo60772236,心脏在跳动,20-Mar,,
Canned Content,@KatePet53569893,大头大头,20-Mar,,
,@Gordon44149212,Gordon,20-Mar,,
,@Jessica77454439,下雨不愁,20-Mar,,
Canned Content,@StephanieVolk16,花一样的少女,20-Mar,,
,@BernardPacheco4,Bernard Pacheco,20-Mar,,
,@Cristophersjhon,Cristopher Johnson,20-Mar,,
,@DallasWachter,Dallas Wachter,20-Mar,,
,@DonnieHeath6,Donnie Heath,20-Mar,,
,@Gary_Boydd,Gary Boyd,20-Mar,,
,@GustavoHefley,Gustavo Hefley,20-Mar,,
,@Jamesjacksn,James jackson,20-Mar,,
,@JamesNilsson14,James Nilsson,20-Mar,,
,@JamieVelazqueza,Jamie Velazquez,20-Mar,,
,@JohnGarcciae,John Garcia,20-Mar,,
,@KevinTeversa,Kevin Taveras,20-Mar,,
,@KleinmanJoe,Joe Kleinman,20-Mar,,
,@LesniakVirgil,Virgil Lesniak,20-Mar,,
,@MarkMattos5,Mark Mattos,20-Mar,,
,@NorrisBarrett3,Norris Barrett,20-Mar,,
,@QuinonesClinton,Clinton Quinones,20-Mar,,
,@RobertAndersna,Robert Anderson,20-Mar,,
,@Stephenallenan,Stephen Allen,20-Mar,,
,@TimothySpraybe2,Timothy Sprayberry,20-Mar,,
,@WachterDallas,Dallas Wachter,20-Mar,,
BROADCASTER,@KhcE5mnZDF7HupJ,翘首以盼,20-Mar,,
BROADCASTER,@lnameriougoe,转身,20-Mar,,
BROADCASTER,@LNbTulcPB3AojKI,飘忽不定,20-Mar,,
BROADCASTER,@vh2UQdfy2b8AYEn,刘妞妞,20-Mar,,
CCP,@Looooooooooog1,Looooooooooog中國旗幟,20-Mar,,
Communist,@1893I12I26,教员语录bot,20-Mar,,
COmmunist,@LN_China,中国列宁报——共产主义者的革命导师,20-Mar,,
INTIMIDATION,@diba_China_Z,D8 E-Friends Club,20-Mar,,
ISLAM,@Margare75540639,Margaret Yang,20-Mar,,
PLA,@qq55534638,社会主义者Socialist,20-Mar,,
PPE,@dupont16141315,Dupont Sales protective cllothing,20-Mar,,
Rabbit,@NotAReal_Rabbit,反中假新闻自动鄙视兔🇨🇳,20-Mar,,
Taiwan,@ROCmilitaryacad,黄埔军校一期毕业生王耀武🇹🇼,20-Mar,,
TRUMP,@mllzz1123459,天灭美利坚,20-Mar,,
Trump,@Trumpvirus88,潇湘浪子,20-Mar,,
United Nations,@SbTrumpfuck,TrumpfuckSB,20-Mar,,
UNK,@MrGary12138,Mr.Gary,20-Mar,,
孙小川,@XiaochuanMount,新津县笑川山革命公墓,20-Mar,,
帝吧,@China_diba_7,diba-China,20-Mar,,
忽悠,@lShkPwDm4Fz8R0i,战略忽悠局智障收容所🇻,20-Mar,,
忽悠,@CHCommunist,中国人民解放军战忽局发言人,20-Mar,,
忽悠,@3168483501WYY,台湾省高雄市战忽局官方,20-Mar,,
忽悠,@pkcvw4vb,中国人民解放军战忽局山东分部书记冷江🇻,20-Mar,,
忽悠,@lQPSfxtWesgZfEX,战忽局白宫办事处S.F.A.C.,20-Mar,,
忽悠,@TrategicA,Srategic FooYou Agency,20-Mar,,
忽悠,@vaes000000,中华人民共和国忽战局局长赵东来,20-Mar,,
忽悠,@WFQEG695ZcqgB6P,KathyChan🇨🇳🇮🇪🇰🇷,20-Mar,,
忽悠,@alwayslovechina,中华人民共和国战略忽悠局,20-Mar,,
忽悠,@boboC96949487,战略忽悠局SFA-China jackson,20-Mar,,
忽悠,@MrMumuzi,中国人民解放军驻台湾部队🇨🇳🇲🇴🇭🇰,20-Mar,,
忽悠,@TaiwanofPRC,中华人民共和国台湾省省委书记,20-Mar,,
忽悠,@SFA_A_group,战忽局暗杀组A级人员,20-Mar,,
忽悠,@VZBALNZWanWwVG9,战忽局（官方认定）,20-Mar,,
恶俗,@EsuAlert,恶俗蛆行动预警中心 🚨,20-Mar,,
深红爱国联盟,@ChineseRabbit_,海棠红🇨🇳（深红爱国联盟）,20-Mar,,
,@zhongguotaitai,中国🇨🇳太太们的画,20-Mar,,
,@TheCYL_of_China,共青团中央,20-Mar,,
,@oqloxNRuLDG7H5e,祖安秀才,20-Mar,,
,@penelope33xx,penny种花家的小佩,20-Mar,,
,@FiremanMrSunne,YasamSun.258🔥,20-Mar,,
,@spzhufan970715,SPZHUFAN970715,20-Mar,,
,@WanglimingNMSL,变态粉椒PinkPepper,20-Mar,,
,@dunpai5,dunpai🇨🇳（深红成员）,20-Mar,,
,@Kemolenndelonia,ケムレン デルニア,20-Mar,,
,@GeorgeY67110924,"Taiwan,China中國旗幟",20-Mar,,
,@joker30313368,joker,20-Mar,,
,@TuoJiaXin,S.H.I.E.L.D.中國旗幟,20-Mar,,
,@peace58308996,Kindergarten boss,20-Mar,,
孙小川,@n23BTw3S3IsStPH,Flag of China惩恶扬善丶mata川Flag of China,20-Mar,,
,@MMYCCE,"猫猫鹰基地指挥中心
",20-Mar,,
,@RXzjSsHHPqWQSOe,魔法部的追随者中國旗幟,20-Mar,,
白左,@w1U3VkrKY2Sod3c,人则俞,20-Mar,,
青年团团员,@AlbertRen11,"贾逸 Albert 中國旗幟【中國自由民主報评论员【中华同盟会】
",20-Mar,,
忽悠,@DJ20200327,战忽局火星情报处®™,20-Mar,,
,@EiRuq3oI2WLIlXE,AMBITION 🇨🇳,20-Mar,,
,@yihan20001216,中国之声🇨🇳China voices,20-Mar,,
,@HJI0XwjV94lrnRL,曱甴岛蛙焊井盖,20-Mar,,
Trump,@Fuckyouassho1e,川建国,20-Mar,,
PLA,@qVbirDrlZbLVo9U,大大,20-Mar,,
,@ttB5lmvIqQHvE3A,武统台湾,20-Mar,,
青蛙,@Gigi66292581,中國旗幟中共反喷局捕蛙青蛙臉灭蟑板球小分队,20-Mar,,
ENGLISH,@TycoTycohere,Tyco.Anderson,20-Mar,,
Stolen Profile ,@Runa16013399,涉谷瑠菜-Runa,20-Mar,,
Canned Content,@diligu520,嘀哩咕,20-Mar,,
Canned Content,@NancyErby17,Bara Huang,20-Mar,,
Canned Content,@gcviesa094,云云,20-Mar,,
Canned Content,@pjaiabtl37,静静,20-Mar,,
Canned Content,@TerriVogler,Terri Vogler,20-Mar,,
Canned Content,@BrendaA80875156,"还我飘飘拳
",20-Mar,,
Canned Content,@AimeeWr67268474,夺命君子剑🗡,20-Mar,,
Canned Content,@JennAnd46059495,叫我山大王,20-Mar,,
,@MPP_China,Ministry of People's Publicity 民宣部,20-Mar,,
Media Mimicry,@nmsl_epoch,紀大元-新聞網,20-Mar,,
,@huituzhuansheng,美籍华裔留学生南波湾狂徒-殡仪馆起义军领袖张三「拉登科技有限公司首席整火法律顾问」,20-Mar,,
Media Mimicry,@RFJ_z_China,自由民主焦作人民和諧電台,20-Mar,,
Canned Content,@Michell67469394,膝盖淤青,20-Mar,,
Canned Content,@CkTAc4v3EFZkdas,香煎古树,20-Mar,,
Canned Content,@EricaCa82125414,Erica Campbell,20-Mar,,
Canned Content,@NicoleH61263835,Nicole Hope,20-Mar,,
Canned Content,@fghgf16320186,fghgf,20-Mar,,
Canned Content,@CCv0tkSaNNha7ww,笑意浅,20-Mar,,
Canned Content,@ErinSmi93787745,张琳琳,20-Mar,,
Canned Content,@EGiEyFNxpd4dMeN,遍地,20-Mar,,
Canned Content,@HAzvyuaFJ8ZzPE9,梧桐花,20-Mar,,
Canned Content,@Kimberl94770820,阥琼,20-Mar,,
Canned Content,@DianaElle6,邱貂,20-Mar,,
Canned Content,@Lindsey36651215,爱你哟,20-Mar,,
Canned Content,@Jennife56339271,戴大仙,20-Mar,,
Canned Content,@Patrice14776011,徐大仙,20-Mar,,
Canned Content,@LauraRe98270415,家之港湾,20-Mar,,
Canned Content,@KristyB87195439,梦溪毕潭,20-Mar,,
Canned Content,@EricaJe71125762,大圣归来,20-Mar,,
Canned Content,@jinq2cFMNOCnbm9,Роман,20-Mar,,
Canned Content,@beijitadk,beijitadk,20-Mar,,
Canned Content,@HCGVdqtpmMLdEYn,淑芬,20-Mar,,
Manchuria,@NWG_Chinese,北洋之音中文网,20-Mar,,
MEDIA,@WangJiaC0409,自由天津广播电台,20-Mar,,
Media Mimicry ,@0mGHFxMBcUHCQxA,Chinese Anti-Secession Group Official Radio,20-Mar,,
Media Mimicry ,@26v21rcqxcPhknh,自由太平天国TV中國旗幟,20-Mar,,
Media Mimicry ,@AlexVone,自由亚洲电台CEO孙笑川,20-Mar,,
Media Mimicry ,@BBWorld_News,BBQ_環球新聞網,20-Mar,,
Media Mimicry ,@BureauofInvSta,【VOS苏联之音】🇹🇼國民政府軍事委員會調查統計局局長戴笠少將（兼職油膩警署署長）,20-Mar,,
Media Mimicry ,@CCTV_ZhiFuJing,CCTV致富经养殖青蛙项目,20-Mar,,
Media Mimicry ,@china_dangzhibu,中国之音新闻网党支部,20-Mar,,
Media Mimicry ,@China_zhuzhou,自由株洲电台,20-Mar,,
Media Mimicry ,@chinazhisheng,欧美日之声中文网,20-Mar,,
Media Mimicry ,@CLDN_news,中國自由民主報China Liberal Democratic News,20-Mar,,
Media Mimicry ,@CommissarPLA,,20-Mar,,
Media Mimicry ,@CrqM1Nt9VydF3vz,自由北京电台,20-Mar,,
Media Mimicry ,@Democracy_CHN01,民主报,20-Mar,,
Media Mimicry ,@DonglangH,自由外星電臺🛸,20-Mar,,
Media Mimicry ,@EGS_Chinese,英格兰之音中文网,20-Mar,,
Media Mimicry ,@EtTpddY8Wd9lGNC,自由印度电台,20-Mar,,
Media Mimicry ,@FakeNewsNext,American Fake News🌍,20-Mar,,
Media Mimicry ,@FucksNews2020,Fucks News,20-Mar,,
Media Mimicry ,@I_S_Radio,獨 立 學 習 电 臺含經緯線的地球®𝗜𝗦𝗥🇻,20-Mar,,
Media Mimicry ,@JIdqd5dxmFqDghh,美國反共自由電台,20-Mar,,
Media Mimicry ,@JSZY2020,江苏之音,20-Mar,,
Media Mimicry ,@KillerRed12,自由播报电台,20-Mar,,
Media Mimicry ,@Live01918076,亖立LIve新聞🇻,20-Mar,,
Media Mimicry ,@llmslimg,美国之爹中文网,20-Mar,,
Media Mimicry ,@mncchinese,MNC news 中文,20-Mar,,
Media Mimicry ,@niceto92627610,自由厦门电台,20-Mar,,
Media Mimicry ,@nmslnews1,抽象功卍News,20-Mar,,
Media Mimicry ,@NoBB_News,No BB_News_中文网,20-Mar,,
Media Mimicry ,@RabitofChina,【环球电台评论员】种花兔,20-Mar,,
Media Mimicry ,@RBQ_Chinese2,自由绒布球电台,20-Mar,,
Media Mimicry ,@RCI_Chinese,共产国际电台,20-Mar,,
Media Mimicry ,@RCRC_Chinese,共产红十字电台,20-Mar,,
Media Mimicry ,@RCUS_American,共产美国电台,20-Mar,,
Media Mimicry ,@RCUS_USA,共产美国电台,20-Mar,,
Media Mimicry ,@RDChe_China,民主撤所电台,20-Mar,,
Media Mimicry ,@RFA_Afghanistan,自由阿富汗电台,20-Mar,,
Media Mimicry ,@RFA_Chinataitai,自由中国太太们电台,20-Mar,,
Media Mimicry ,@RFB_Britain,自由不列颠电台,20-Mar,,
Media Mimicry ,@RFB_Chinese,自由蚌埠电台,20-Mar,,
Media Mimicry ,@rfb_ritain,自由大不列颠电台,20-Mar,,
Media Mimicry ,@rfc_China,自由中国电台,20-Mar,,
Media Mimicry ,@RFChe_China,自由撤硕电台,20-Mar,,
Media Mimicry ,@RFE_Chinese,自由地球电台,20-Mar,,
Media Mimicry ,@RFEchina,自由地球电台,20-Mar,,
Media Mimicry ,@RFHChinese,自由杭州电台,20-Mar,,
Media Mimicry ,@RFL_Chinese,自由辽宁电台,20-Mar,,
Media Mimicry ,@RFN_Asia,自由裸體电台,20-Mar,,
Media Mimicry ,@RFN_China,自由东北电台,20-Mar,,
Media Mimicry ,@RFN_Chinaese,自由南天门电台,20-Mar,,
Media Mimicry ,@RFN_Nanjing,自由南京电台🐴,20-Mar,,
Media Mimicry ,@RFNJ_CN,自由南京電台,20-Mar,,
Media Mimicry ,@RFQ_china,全體自由電台,20-Mar,,
Media Mimicry ,@RFS_Chinese,自由深圳電台(国際),20-Mar,,
Media Mimicry ,@RFS_Shanxi,自由山西电台,20-Mar,,
Media Mimicry ,@RFXZ_China,自由徐州電台,20-Mar,,
Media Mimicry ,@RMCivilization,火星文明电台🇻,20-Mar,,
Media Mimicry ,@RNA_Chinese,自由东北电台,20-Mar,,
Media Mimicry ,@ROFC__masterG,captain--G自由电台,20-Mar,,
Media Mimicry ,@RVOF_Chinese,自由之音电台,20-Mar,,
Media Mimicry ,@ST_Chinese,今日苏维埃 ST,20-Mar,,
Media Mimicry ,@sun36439763,自由老八电台,20-Mar,,
Media Mimicry ,@TaiWanZhiSheng,灣之聲🇹🇼⛩️🏳️‍🌈,20-Mar,,
Media Mimicry ,@VODChinese,德意志之音中文網卍🇻,20-Mar,,
Media Mimicry ,@VOFreeTaiLake,太湖之声,20-Mar,,
Media Mimicry ,@VoiceOfBathroom,撤硕之音 Voice of Bathroom,20-Mar,,
Media Mimicry ,@VOPChinese,波兰之音中文网,20-Mar,,
Media Mimicry ,@WuTong_Chinese,自由梧桐电台,20-Mar,,
Media Mimicry ,@ZgrMJfjkJJHjJzZ,中国人民解放军空军暨火箭军作战指挥部,20-Mar,,
Media Mimicry ,@zle8NNFjfQxANLT,老八自由电台,20-Mar,,
Media Mimicry ,@TuiTeChunQiu,推特春秋电台,20-Mar,,
Media Mimicry ,@RF_America_sb,自由美利坚电台中文网馬臉,20-Mar,,
POLITICAL,@zhhang6,菜英文老人,20-Mar,,
Media Mimicry ,@RMC_Chinese,火星文明电台🇻,20-Mar,,
Media Mimicry ,@JuHqZxmSeT6EpoP,绩笑是憨憨貓熊臉,20-Mar,,
Media Mimicry ,@hahahahahgeer,自由太平天国TV🇨🇳,20-Mar,,
Media Mimicry ,@RDA_America,专制美洲电台,20-Mar,,
Canned Content,@peairoituioc,一瞬间,20-Feb,,
Canned Content,@u9PPRNAX3U7PV5n,李思雨,20-Feb,,
Canned Content,@Gw6c6a8aQ2q7rwY,刘星雨,20-Feb,,
Canned Content,@Medj6D7F1bslCGV,芸妃,20-Feb,,
Canned Content,@Tl1soHOdwZ43zk8,芸怡,20-Feb,,
Canned Content,@BrandiJ67456083,非锅莫属,20-Feb,,
Canned Content,@HavroMary,猫大爷,20-Feb,,
Canned Content,@Yolanda89468607,万年王八,20-Feb,,
Canned Content,@YvonneT82492954,一库,20-Feb,,
,@davila_kristin,Kristin Davila,20-Feb,,
,@JennyBergman16,Jenny Bergman,20-Feb,,
,@MayraTe95144257,Mayra Tenorio,20-Feb,,
,@nimke_cindy,Cindy Nimke,20-Feb,,
Canned Content,@jaeriuiutow,扑通扑通,20-Feb,,
Canned Content,@e9svhtBDiosPEvf,妙弋,20-Feb,,
Canned Content,@firou18,firou,20-Feb,,
Canned Content,@hosamdib1,hosamdib,20-Feb,,
Canned Content,@carrymast666,漫海生,20-Feb,,
Canned Content,@AmyAdam05224990,爱的不够吗,20-Feb,,
Canned Content,@pp06462800,楓晴彥,20-Feb,,
Canned Content,@qwer12364983865,中国青年在行动,20-Feb,,
Canned Content,@Tv2I4,南宫旭鹏,20-Feb,,
Canned Content,@us2bRLMSsSRz4wO,莫小贝,20-Feb,,
Canned Content,@ygeagh78,石子,20-Feb,,
,@AmyDale17758180,Amy Daley,20-Feb,,
Canned Content,@OFix4gioibOmziX,Денис,20-Feb,,
Canned Content,@vLoGxpSCKCmUjuZ,斯蒂芬斯,20-Feb,,
,@AngieWhiting7,飘上青天,20-Feb,,
,@Bethany51074864,Bethany Campbell,20-Feb,,
,@CarmenG56541569,沉迷,20-Feb,,
,@karen_ailts,Karen Ailts,20-Feb,,
,@LauraJo48786495,华鹤,20-Feb,,
,@StacyAn32046244,Stacy Anderson,20-Feb,,
Canned Content,@ONKl6b4J31nhBNc,張㷱𨶙,20-Feb,,
Canned Content,@dfAVdp4GB6zqngO,鼓舞人心,20-Feb,,
Canned Content,@jH66lozRrIsehuq,超女时代,20-Feb,,
Canned Content,@nXRXckNm51LolT6,阿福的时光,20-Feb,,
,@Allison41857082,Allison Young,20-Feb,,
,@CherylLipiec,Cheryl Lipiec,20-Feb,,
,@DianaShatwell,Diana Shatwell,20-Feb,,
,@Jessica77109691,Jessica Renee,20-Feb,,
,@KTkLpyySrID3fk8,可愛的蔡瓜瓜,20-Feb,,
,@allowacidcoffee,Tom Oswald,20-Feb,,
BROADCASTER,@Angelic01969674,沛城意境,20-Feb,,
BROADCASTER,@taueriutodg,江河,20-Feb,,
Canned Content,@Natalie77035869,"娜塔莉
",20-Feb,,
Canned Content,@LisaMoo37843111,丽莎莫,20-Feb,,
Canned Content,@LindaMielke2,胖子🐻,20-Feb,,
Canned Content,@Bridget96708039,开天辟地,20-Feb,,
Canned Content,@Christi50300341,开天辟地,20-Feb,,
,@TuFtt2oW2es2Ms9,关思蓝,20-Feb,,
,@TrishArnett3,黑白二三子,20-Feb,,
Canned Content,@take05340966,橘凉,20-Feb,,
,@ezell_yolanda,Yolanda Ezell,20-Feb,,
,@KaySmit87690351,槐蔭囯王子,20-Feb,,
,@MaryFellman3,Mary Fellman,20-Feb,,
,@MistieAlexand20,Mistie Alexander,20-Feb,,
,@AmitGup23091776,Amit Gupta,20-Feb,,
Canned Content,@dfghjrs,几个电话,20-Feb,,
Canned Content,@gdrerg,十点半,20-Feb,,
Canned Content,@Dudu20532413,柠檬树,20-Feb,,
,@Dorisda91719078,Snapeee,20-Feb,,
,@SimonTimberr,汀唔熱,20-Feb,,
Canned Content,@Uo23T,游行天下,20-Feb,,
Canned Content,@AmberSt80959106,安第斯,20-Feb,,
Canned Content,@Christi75982619,开开,20-Feb,,
Canned Content,@RachelL16642434,拉苏的瑞纳,20-Feb,,
,@lxy88916374,超越夢想,20-Feb,,
,@XM_P90,潘筱姳,20-Feb,,
,@zh19956703,Ucupracacia,20-Feb,,
Canned Content,@nrQPZI2Bps9JNpR,晨云溢彩,20-Feb,,
Canned Content,@kerchak69,做你的太阳,20-Feb,,
Canned Content,@Jackvgs1,傷痕累累,20-Feb,,
,@pikulruslan94,Pikulruslan94@gmail.com,20-Feb,,
Canned Content,@AmandaR76947759,圈圈美丽姐,20-Feb,,
Canned Content,@AshleyM82112943,开天辟地,20-Feb,,
Canned Content,@fWe1cSViSxRkl6i,砸锅界的扛把子,20-Feb,,
Canned Content,@Kristin06407790,圈圈小胖,20-Feb,,
Canned Content,@abir11raj,abir11raj,20-Feb,,
Canned Content,@ChapWizardly,WizardlyChap,20-Feb,,
Canned Content,@hHrgmy6bCG3hrl4,Мануйленко Анастасия,20-Feb,,
,@LesliePitcher5,追到我就嘿嘿你,20-Feb,,
Canned Content,@AshleyR93161718,伊妹儿,20-Feb,,
Canned Content,@zhuizuomengxi,zhuizuomengxi,20-Feb,,
Canned Content,@CarlyAn03194927,liuyali,20-Feb,,
Canned Content,@JamieMo8891,紫荆之顛,20-Feb,,
Canned Content,@NatalyaLeonar13,zflowers,20-Feb,,
Canned Content,@TamaraC9932,TamaraCollin,20-Feb,,
Canned Content,@TaraMontiel,zhoulinga,20-Feb,,
,@AmySand84484690,Amy Sanders,20-Feb,,
,@EmilyPo18342259,踩死你,20-Feb,,
,@RachelCowley19,看不慣就long,20-Feb,,
Canned Content,@JenniferSayles7,如霜,20-Feb,,
Canned Content,@MaryJen10864678,春色撩人,20-Feb,,
Canned Content,@RioHart4,含玉,20-Feb,,
Canned Content,@BrandyB37460024,滿眼愛意,20-Feb,,
Canned Content,@Jessica34485629,一隻羊駝,20-Feb,,
Canned Content,@MariaJo23696958,雷神吃了我嘅肚臍,20-Feb,,
,@Jennife40047466,切片厚多士,20-Feb,,
,@Michell99435222,嫣然,20-Feb,,
,@MonicaW78977865,火火火,20-Feb,,
Canned Content,@QkBT8C96tF5H0DK,江元翠,20-Feb,,
Canned Content,@AprilBuchholtz9,我养你啊,20-Feb,,
Canned Content,@Felicia38488681,苏莫晨,20-Feb,,
Canned Content,@BobbieMorelli1,非主流,20-Feb,,
Canned Content,@KristyB50735866,红唇美女,20-Feb,,
Canned Content,@LauraBr02750009,小青,20-Feb,,
,@LisaOls26823409,Lisa Olson,20-Feb,,
Canned Content,@LauraBe21477639,医者仁心,20-Feb,,
,@bjorum_tami,东方之珠,20-Feb,,
,@ErinFox39352307,可愛小橘,20-Feb,,
,@NicoleO17750297,绿囫囵,20-Feb,,
,@PennyMora5,最痛,20-Feb,,
Canned Content,@AnnaCol38153540,寡心人,20-Feb,,
Canned Content,@WendyPa88824238,龙吟凤,20-Feb,,
Canned Content,@Melissa26911855,看👀,20-Feb,,
,@Christi61845576,Christine,20-Feb,,
,@Stephan44684811,998,20-Feb,,
PLA,@dhXEFd9qbgXAH53,中共臺灣省委書記,20-Feb,,
PPE,@wZzjvAx6EzjG0EM,贵阳皓升贸易有限责任公司,20-Feb,,
兔子,@LI9875,إنعام الصينية في مصر,20-Feb,,
Taiwan,@BIS_online,國民政府軍事委員會調查統計局駐推特官方辦事處,20-Feb,,
五毛,@VMRXjd7voPNp4Bh,我们世界人民支持中国共产党迫害全世界华棍黄垃圾美國旗幟,20-Feb,,
忽悠,@SFAC_19491001,前中国人民解放军战忽局东南分局总书记胡春华,20-Feb,,
忽悠,@HuaSfac,SFAC-CN-hua nan,20-Feb,,
恶俗,@I_marmot,【VOS】苏西坡【LunaKyoka全家火化以告慰烈士】,20-Feb,,
,@vrZd2axMIHYm4Jy,🇨🇳中国网警🇨🇳,20-Feb,,
,@Chinavictory16,Lv,20-Feb,,
,@CNIChinese,中华同盟会【悼念烈士】,20-Feb,,
,@Synthia88461868,Synthia Miller中國旗幟,20-Feb,,
,@jack_pw2020,文虎記事,20-Feb,,
,@Donglei31,Donglei3雷哥,20-Feb,,
China Propaganda,@China_Channel,传播中国,20-Feb,,
,@Leano09816096,传播正能量,20-Feb,,
忽悠,@ztixFZgNK90Xima,中国战略忽悠局李家屯分局第六组副组长 张大喵 代号纸老虎,20-Feb,,
Canned Content,@MonicaW81828560,只想当咸鱼,20-Feb,,
Canned Content,@DanaZam71495150,世界这么大,20-Feb,,
Canned Content,@foolishman888,南海首富,20-Feb,,
Canned Content,@AmberWh18469484,天下归心,20-Feb,,
Canned Content,@Lindsey40299320,魃䴄,20-Feb,,
Canned Content,@LindaLo36630045,䴄麟,20-Feb,,
Canned Content,@Eugenia07923532,䴄餮,20-Feb,,
Canned Content,@maryann98739144,Fuck,20-Feb,,
Canned Content,@ljaemrntipt,温致如猫,20-Feb,,
Canned Content,@AmyDavi94853377,还没睡醒，别叫我,20-Feb,,
Canned Content,@AmyNayl25819821,Jerry都困了,20-Feb,,
Canned Content,@SQ0wQhiEmG5N7fF,梦回吹角连营,20-Feb,,
Media Mimicry ,@0SsGLBzlfhw8r83,人民曰報People's Monthly,20-Feb,,
Media Mimicry ,@9CdQbsegRfQ4SMk,自由湖南电台,20-Feb,,
Media Mimicry ,@arubise57411,CNM breaking News,20-Feb,,
Media Mimicry ,@ChinaNsc,新四川日报（New Sichuan）——四川墙外最自由报社,20-Feb,,
Media Mimicry ,@FreedomBeijing,北京电台,20-Feb,,
Media Mimicry ,@GR_Chinese,环球电台,20-Feb,,
Media Mimicry ,@icecreamtheham2,自由祖安电台,20-Feb,,
Media Mimicry ,@jbXXyYtugVil6nC,自由瓦坎达电台,20-Feb,,
Media Mimicry ,@lytily8023,自由水星电台 Radio Free Mercury,20-Feb,,
Media Mimicry ,@Minzhujiangsu,民主江苏广播,20-Feb,,
Media Mimicry ,@NIVCPNGaqU5oUNO,自由广西电台,20-Feb,,
Media Mimicry ,@ojHKOa9o5DReA0G,自由三体电台,20-Feb,,
Media Mimicry ,@PEN_TV_CHINESE,和平演变官方传媒🇻,20-Feb,,
Media Mimicry ,@PM_Pictorial,人民畫刊,20-Feb,,
Media Mimicry ,@Qudar_,CNN Voice of 老王,20-Feb,,
Media Mimicry ,@RBQ_chinese,自由绒布球电台,20-Feb,,
Media Mimicry ,@RDA_CHINA,专制亚洲电台,20-Feb,,
Media Mimicry ,@RF_ChHa,自由冲哈电台,20-Feb,,
Media Mimicry ,@RFHChina,自由河南電台🇻,20-Feb,,
Media Mimicry ,@RFY_China,自由银河电台,20-Feb,,
Media Mimicry ,@RFZ_China,自由浙江电台,20-Feb,,
Media Mimicry ,@SarahHa44680763,该死浑蛋收音机,20-Feb,,
Media Mimicry ,@SteveXie10,民主重庆电台,20-Feb,,
Media Mimicry ,@SWTimes_English,Southwest Times 西南时报,20-Feb,,
Media Mimicry ,@TaiWanDaJiBa,正統中華明國大紀巴時報,20-Feb,,
Media Mimicry ,@TD_Chinese,三民主義日報 Triadcivilism Daily,20-Feb,,
Media Mimicry ,@voice_GuiZhou,贵州之音,20-Feb,,
Media Mimicry ,@VOS_Chinese,聯之音中文網高級版🇻,20-Feb,,
Media Mimicry ,@VOSChinese,苏联之音中文网 ☭ 🇻,20-Feb,,
Media Mimicry ,@WLJHLSRB,华莱士日报,20-Feb,,
Media Mimicry ,@xinjiangchannel,中国新疆网,20-Feb,,
Media Mimicry ,@XoY4wsHnBdIScbR,蘋果一周報,20-Feb,,
PERSONA,@YiWen_Qian2020,行政長官,20-Feb,,
Media Mimicry ,@DaJiBa1368,正統天朝上國大紀巴時報,20-Feb,,
Media Mimicry ,@HJDT_zyhj,自甴法輪功電台,20-Feb,,
Media Mimicry ,@ProletarianPost,红色美国Communist US,20-Feb,,
Media Mimicry ,@alphase11,自由民主公正法制香港電臺,20-Feb,,
Canned Content,@6kON59HoH59u3XW,江豪霈,20-Jan,,
Canned Content,@mF7z5eDeXZuPK98,錢怡萱,20-Jan,,
Canned Content,@Bxjcio1,無力改變,20-Jan,,
Canned Content,@Jessica79208720,廖艾竹,20-Jan,,
,@CindyJo29586200,就做鍋貼,20-Jan,,
Canned Content,@Shellie32431628,涉林棘豆,20-Jan,,
Canned Content,@SimoneM11985749,小甜蜜,20-Jan,,
Canned Content,@xGxYeeAjMfkO8nt,Айдана,20-Jan,,
,@BrendaM25813970,月是故鄉明,20-Jan,,
Canned Content,@lordukon,Lordukon,20-Jan,,
Canned Content,@TerriAsh5,承诺,20-Jan,,
Canned Content,@VmZ8NdbbEpq1TXM,清风徐来,20-Jan,,
BROADCASTER,@Jay_duck0517,김재덕,20-Jan,,
BROADCASTER,@tutu71253460,tutu,20-Jan,,
Canned Content,@U2hNd1,隆豪,20-Jan,,
Media Mimicry ,@ZIYOUGUANGXI,民主广西电台,20-Jan,,
BROADCASTER,@EmmaCHNR,我为武汉代言,20-Jan,,
Canned Content,@HFEbJmOZrVwUDj9,劳怡嘉,20-Jan,,
Canned Content,@p9K5ndlPH4dAH1b,侯永逸,20-Jan,,
Canned Content,@dhgfhfg1,罗颜韵,20-Jan,,
,@AnsrbQ1k7MzFuGc,青汁,20-Jan,,
,@Bogdanmc4,Bogdanmc,20-Jan,,
,@EricssonEvan,Evan Ericsson,20-Jan,,
Canned Content,@ninillnini,nini,20-Jan,,
Canned Content,@wwwzgy1,wwwzgy,20-Jan,,
BROADCASTER,@lanlan89479814,lanlan,20-Jan,,
BROADCASTER,@wnbzhzhhb,崛起！世界和平,20-Jan,,
D8,@asdfghj46017246,Niting-Niubia D8D8Flag of China,20-Jan,,
兔子,@AbblieB,童言无忌,20-Jan,,
忽悠,@shenk85671671,中国·国际战略忽悠局·意大利分局,20-Jan,,
,@China_voice_SFA,种花家🇨🇳(深红爱国同盟),20-Jan,,
,@zjl820309,苏预,20-Jan,,
,@q9DV3XGHg8HN6UN,Black Mamba,20-Jan,,
,@FastFastBiuBiu4,T疯子维护了我,20-Jan,,
 兔子,@MercedesPiresh,中國旗幟睡睡兔兔臉兔臉,20-Jan,,
Media Mimicry ,@BBA_America,BBA News (USA),20-Jan,,
Media Mimicry ,@BBC_CNcr,BBC中文評論員,20-Jan,,
Media Mimicry ,@Free_Shanghai,自由上海電台,20-Jan,,
Media Mimicry ,@QianxianL,自由清華電台,20-Jan,,
Media Mimicry ,@VOU_Chinese,丑国之音中文网,20-Jan,,
Canned Content,@JenniferGetchu,Jennifer Getchu,19-Dec,,
,@kfdHChpYb4YakIf,liuy,19-Dec,,
,@ViprepeaterCom,VIPREPEATER.COM,19-Dec,,
,@mdmrmostafijur,Md Mostafijur Rahman,19-Dec,,
,@islam80407439,islam,19-Dec,,
,@DcdPUp0pEy6KLTq,名字不重要,19-Dec,,
Canned Content,@W62337233,魏中宪W,19-Dec,,
Canned Content,@merrilypavlo,懂小姐,19-Dec,,
,@sandfike,弦外之音,19-Dec,,
Canned Content,@cxcxcxcxcdf,cxcxcxcxcdf r s,19-Dec,,
BROADCASTER,@taghae,鞠婧祎,19-Dec,,
BROADCASTER,@xianxianxu,徐仙仙,19-Dec,,
TAIWAN,@TWSHASH1,🇨🇳台湾傻事🇨🇳,19-Dec,,
,@Z1giwtp4YoHmbCg,鸽者 (深红爱国同盟）,19-Dec,,
Canned Content,@jieguojun852,揭锅君（揭郭系列）,19-Dec,,
Media Mimicry ,@BBQChineseWorld,BBQ News 中文 (World),19-Dec,,
Media Mimicry ,@china_xinwen,中国之音新闻网,19-Dec,,
Media Mimicry ,@doa_chinese,"阿联酋之音中文网🇨🇳🇦🇪（1/3）
DOA_Chinese",19-Dec,,
Media Mimicry ,@voiceofchinahk,中国之音 Voice of China,19-Dec,,
UNK-BLOCKED,@daofansiji,道凡四稽 🇻,19-Dec,,
葬礼,@UrFamilyFuneral,全国殡葬行业服务协作推广,19-Dec,,
Canned Content,@YingRuihang,Dangerous Zombie,19-Nov,,
Canned Content,@Igor31957990,Igor,19-Nov,,
Canned Content,@UvIkN4DwDfP3W1G,沐倾城,19-Nov,,
Canned Content,@shengruxiahua6,王夏桦,19-Nov,,
,@A6SF3MQ1SzWLioH,号又被封了🇨🇳,19-Nov,,
Canned Content,@ChebanNata,Nata Cheban,19-Nov,,
Canned Content,@vDLOJhtlNj9zZgE,王一凡,19-Nov,,
Canned Content,@7qfJ2Gn0F0Eyxpz,赖修竹,19-Nov,,
Canned Content,@873eYHZuF6cBhZG,符舒荣,19-Nov,,
Canned Content,@BCsaBCWUOQ1d804,杜柔静,19-Nov,,
Canned Content,@eaZJAl55Kcb5QMu,傅婷旭,19-Nov,,
Canned Content,@NmLbNiuwCkWmEK3,焦有芳,19-Nov,,
Canned Content,@RY2U3FZF2gr0p4T,文佩玉,19-Nov,,
Canned Content,@SVDsCVWqYwYh4eG,彭景福,19-Nov,,
Canned Content,@TW3mOqA24zAvsr4,禄雅美,19-Nov,,
Canned Content,@nCGmt7QTVjQ1cGU,向吉敏,19-Nov,,
,@ahmetAh71905528,ahmetAhmet,19-Nov,,
,@Justice38577572,Justice,19-Nov,,
白左,@rambler9527,冥煮带肖战🐔xiao zhan,19-Nov,,
Canned Content,@oYoE7ssbtA4xoFt,叽叽喳喳,19-Nov,,
Canned Content,@BTo8OYjYGmmS0Yo,汪新知,19-Nov,,
Canned Content,@BoBtkLuMTCvP4hl,姚立轩,19-Nov,,
Canned Content,@qingshanliushu1,雷倩倩,19-Nov,,
Media Mimicry ,@aoligei19,BBC(hina)记者🇻 Aoligei,19-Nov,,
Media Mimicry ,@bbcnmsl1,bbc nmsl🇻,19-Nov,,
Media Mimicry ,@ChlnaRt,The New Yrok Times Ⓥ,19-Nov,,
Media Mimicry ,@CNM_Muslim,CNM中文網穆斯林頻道·記者蕭川,19-Nov,,
Media Mimicry ,@cnmbrk1,CNM Breaking News,19-Nov,,
Media Mimicry ,@daai_pa_yun,大爬元時報,19-Nov,,
Media Mimicry ,@DM_chinese,DM News,19-Nov,,
Media Mimicry ,@fakenew77603090,fakenews,19-Nov,,
Media Mimicry ,@GazaGlobalNews,自甴報時,19-Nov,,
Media Mimicry ,@lHY0rxOOM2QxxNQ,CNM White fool彩虹彩虹,19-Nov,,
Media Mimicry ,@NEWKOUTIMES,纽约死妈报,19-Nov,,
Media Mimicry ,@NMD_258,,19-Nov,,
Media Mimicry ,@RFA_America,自由美洲电台,19-Nov,,
Media Mimicry ,@xiaoxix95160735,小紀元新聞網,19-Nov,,
Canned Content,@KariStosak,鄭恩慈,19-Oct,,
Canned Content,@VCoskunoglu,Vural Coskunoglu,19-Oct,,
Canned Content,@baharat_yolu,Baharat Yolu,19-Oct,,
Canned Content,@bnumutgaliba,umut kurt,19-Oct,,
Canned Content,@ElenaKu02746614,Elena Kuznecova,19-Oct,,
 ,@COOLFISH233,无名之辈🇨🇳,19-Oct,,
KMT,@maomi31901154,國民民主電臺,19-Oct,,
五毛,@cnmb_USA_nmbs,紫宫慧初雪,19-Oct,,
,@eVoxazjlY70FeHF,日本加油,19-Oct,,
Canned Content,@IkuOGRpFj44YDUy,青青,19-Oct,,
Media Mimicry ,@K8Dj8,江苏之音画刊,19-Oct,,
Media Mimicry ,@M8World,迷8視界 M8World,19-Oct,,
Media Mimicry ,@TMGNews_CN,中国台湾新闻🇨🇳,19-Oct,,
,@YS69233,yang,19-Oct,,
Canned Content,@simple83665843,破铜烂锅,19-Sep,,
,@Erhan92788213,Erhan,19-Sep,,
Canned Content,@RoachHorse,Horse Roach,19-Sep,,
忽悠,@CSH_CHN,中央战略总局🇻,19-Sep,,
深红爱国联盟,@ fanrenshanju1,凡人善举（深红爱国同盟）,19-Sep,,
,@wangjing1123,王晶彩虹美国挺…不住就躺吧,19-Sep,,
平头哥,@baijunqiang,平头哥,19-Sep,,
,@TFUNG13,TFUNG 🇨🇳,19-Sep,,
Media Mimicry ,@ChineseNSJ,"The Nanjing Street Journal
",19-Sep,,
部长,@Boyanxiejun,五毛外宣部副部长🇨🇳,19-Sep,,
,@dSPgzhNLi28hGUG,ЛюбовьТайницкая,19-Aug,,
,@mdmrmunna,Md Mostafijur Rahman Munna,19-Aug,,
Canned Content,@berk13731917,berk,19-Aug,,
Canned Content,@pipicucuti,小脾气仙子,19-Aug,,
,@PingAntuite,平安推特,19-Aug,,
青蛙,@guaguaNews,蛙蛙之声,19-Aug,,
Canned Content,@westernnacyY,western蓝,19-Aug,,
AntiFa,@TaskllX,好想打边炉啊,19-Aug,,
Media Mimicry ,@CNCN18469344,CNCN,19-Aug,,
Media Mimicry ,@CNM_USA,CNM中文,19-Aug,,
Media Mimicry ,@FJHChina,江湖自由日报獨角獸的臉🇻,19-Aug,,
Media Mimicry ,@FreeNews_Global,全球自由報🇻,19-Aug,,
Media Mimicry ,@RFAmerica114514,江湖自由日报獨角獸的臉🇻,19-Aug,,
Media Mimicry ,@VFUXivsXUVflinA,美国之淫中文网,19-Aug,,
Media Mimicry ,@VOR_China,罗马之音中文网 VOR,19-Aug,,
Canned Content,@dududuposss,獨角獸,19-Jul,,
Canned Content,@bthnkayaa1,bthnkayaa,19-Jul,,
,@marie93486,消失的歷史,19-Jul,,
,@SofiaKaur5,Sofia Kaur,19-Jul,,
,@KocahanNecip,Necip Kocahan,19-Jul,,
CCP,@EHwl59MGvL86EuU,为人民服务,19-Jul,,
OWNER,@XD_orz_QAQ,追空想の天津風(*•̀ᴗ•́*)و ̑̑,19-Jul,,
评论员,@yuusha567,自由电台时事评论员,19-Jul,,
Media Mimicry ,@DogFreedomRadio,自由狗头电台,19-Jul,,
Media Mimicry ,@RFS_China,自由四川电台,19-Jul,,
Media Mimicry ,@iHlSsDvvOs6blyK,CNM&駐港特約調查員,19-Jul,,
Canned Content,@tomorrow20201,BGY@2019,19-Jun,,
Canned Content,@ERquYWyqKs9pNQE,葭月,19-Jun,,
Canned Content,@Kxf77BBFxipv3wg,丹荔,19-Jun,,
Media Mimicry ,@CNM_Faking,CNM Faking News,19-Jun,,
,@Ygolb1,Ygolb,19-May,,
Canned Content,@wotmn1,Onur,19-May,,
Canned Content,@bxckOl0PGHit5OK,伊人醉,19-May,,
小红旗,@Xhnsoc__Redflag,推特小红旗,19-May,,
忽悠,@sbnbnbnb,战忽局第66排排长,19-May,,
忽悠,@chinazhj666,中国戰忽局總部,19-May,,
平头哥,@HGB36249922,HGB平头哥,19-May,,
忽悠,@cxkcool,战略忽悠局特工007,19-May,,
,@iJQCc6jpinhionX,nrx电子烟,19-May,,
Canned Content,@jack94087552,jack,19-Apr,,
Canned Content,@HuseyinRalp,hüseyin kıralp,19-Apr,,
,@zodyy2,zodyy,19-Apr,,
,@cz41556498,寧靜,19-Apr,,
,@astrid54342250,astrid,19-Apr,,
INDy,@cuofukuang,中国球中國旗幟,19-Apr,,
TRUMP,@MULj8Yo1jqDUZZR,大大怪将军,19-Apr,,
忽悠,@fexnews_,战忽局北美分部,19-Apr,,
忽悠,@zhang75936287,中国人民解放军战略忽悠局安徽分部总指挥钟孝繁,19-Apr,,
,@CN_IAmDumpling,海上导航星,19-Apr,,
Media Mimicry ,@Idontkn57870913,BBC(hina)时事评论家撒库拉·巛🇻,19-Apr,,
Media Mimicry ,@RFC_Changsha,自由長沙電台,19-Apr,,
Media Mimicry ,@RFl_CN,法国广播电台（华语）,19-Apr,,
Media Mimicry ,@RtZpLgOC6sW3X2t,美园之音中文网🇻,19-Apr,,
,@RUSW_China,世界苏维埃联合电台🇨🇳,19-Mar,,
忽悠,@1uSgxTGi53MQThm,中国人民解放军战略忽悠局,19-Mar,,
,@Double_immortal,仙水水,19-Feb,,
Canned Content,@EduardoPonte14,Eduardo Ponte,19-Feb,,
Canned Content,@LeventSeyhan12,Levent Seyhan,19-Feb,,
,@batman_myron,Myron,19-Feb,,
,@gEgjHdt9vNyxHoF,C N M新聞HR🇻,19-Feb,,
忽悠,@VI1Dw8Ix3WKfAkH,中国人民解放军战略忽悠局,19-Feb,,
Media Mimicry ,@RFAntarctica_,自由南极电台,19-Feb,,
PERSONA,@iiiingwen,蔡中文 Tsai Chong-wen,19-Feb,,
Persona,@Yuuzutsu_CN,communism/chinese/🇨🇳🇷🇺🇯🇵🇰🇷🇻🇳🇰🇵,19-Feb,,
,@suny96142434,徐胖胖,19-Jan,,
Canned Content,@AllowedGrrrls,₲rrrls Ѧllowed°,19-Jan,,
Canned Content,@Morcle0,Ata,19-Jan,,
Canned Content,@Begench19972410,Begench,19-Jan,,
Canned Content,@AltuntopUmit,ümit altuntop,19-Jan,,
258,@JonSnow21513532,孙笑川军总司令☭,19-Jan,,
Media (CCP),@yQwVPkzLJx3JyPK,中共之声,19-Jan,,
,@geomar67655798,geomar,18-Dec,,
,@QXS53111,钱先森,18-Dec,,
Canned Content,@JkmVvxmiCh3X108,刘恺威,18-Dec,,
Canned Content,@istanbulguvenn,BATUHAN,18-Dec,,
Canned Content,@Alya68608725,Alya,18-Dec,,
Canned Content,@7F7tvvxNVnOSXIb,護衛者,18-Dec,,
Canned Content,@bannystor,濑沟二,18-Dec,,
,@JLascaray,jean-bernard lascaray,18-Dec,,
Canned Content,@Annasn41,Annasn4,18-Dec,,
Media Mimicry ,@GaryYou74017707,AUS Chinese澳洲中文网🇻,18-Dec,,
Media Mimicry ,@VOG_lingnan,岭南之音,18-Dec,,
Media Mimicry ,@EBCnewsfocus,東森新聞關注,18-Dec,,
,@GqIdVGWDCuWv2G9,Poetry and distance,18-Nov,,
,@yuhuocaihong,雨后彩虹,18-Nov,,
,@Lyusya71,Людмила,18-Nov,,
平头哥,@Jimmy20000315,平头哥,18-Nov,,
Xinjiang,@BuyuleyiciS,Büyüleyici Xinjiang,18-Nov,,
忽悠,@EbRftPBMJAxwHFi,战略忽悠局🇨🇳西南作战指挥部,18-Nov,,
忽悠,@EiQ4q8QzgSs0Jek,中华人民共和国战略忽悠局,18-Nov,,
,@GeorgesMayeur,mayeur georges,18-Oct,,
,@DaiWa_NanboOne,蓝小鸟观察员＆评论员,18-Oct,,
Canned Content,@suudemt,sude †,18-Sep,,
Canned Content,@bsenaoksuz,Burcu Sena Öksüz,18-Sep,,
Canned Content,@Veena11552556,Vini,18-Aug,,
帝吧,@ChinaPLASFA,战略忽悠局SFA - China Strategic Fooyou Agency🇻,18-Aug,,
忽悠,@ktcyzvzc7muznax,中国战略忽悠局,18-Aug,,
Media Mimicry ,@ChinaDailyNews1,China Daily News,18-Aug,,
Media Mimicry ,@JackWan46624356,CNM News 中文,18-Aug,,
Canned Content,@jackhu89866019,谁掉的铅笔,18-Jul,,
忽悠,@Allahsong,中国人民解放军战忽局江苏分局新闻发言人,18-Jul,,
Canned Content,@sbeedy16,Semtin Müptezeli,18-Jun,,
忽悠,@wJcstRMYu3aKIxF,中国战略忽悠局,18-Jun,,
Media Mimicry ,@fWkY4CsNLH8lqNP,CNN Communist News Network,18-Jun,,
,@fuckingbadkidx,Lucifer⛧🏳️‍🌈,18-May,,
忽悠,@shawnhwang_,中华人民共和国战略忽悠局,18-May,,
Canned Content,@MoonFestParty,MoonFest Party,18-May,,
Media Mimicry ,@chinatimetv,"中国时代ChinatimeTV🇻 中国头条-观视频-睡前消息-陈平-张维为-范勇鹏-金灿荣
",18-May,,
Media Mimicry ,@GlobalTimes_CN,环球时报,18-May,,
Canned Content,@Ukala71751758,Ukala,18-Apr,,
,@oTYRp1omAJhmHwI,RicherMan,18-Apr,,
,@28kubek,Kuba Jankowski,18-Apr,,
兔子,@uXuP9MfFpMqi8X,🇨🇳🇨🇳种花家的铁血军兔🇨🇳🇨🇳,18-Apr,,
Media Mimicry ,@xingkongnasa,江苏维埃自由电台,18-Apr,,
,@TapenadeLeroy,love you,18-Mar,,
CNTRL,@jijibabacha1,jijibabacha,18-Mar,,
,@WB4966,北京摄影老顽童🇨🇳,18-Mar,,
 兔子,@FZiFmm3OnAQaTQo,刘俊🇨🇳,18-Mar,,
,@PRC_CPC_Dragon,战丶龙剑🇨🇳,18-Mar,,
,@A1013280122,死耗子先生,18-Mar,,
Media Mimicry ,@AOVHongKong,美國之聲香港 🇻,18-Mar,,
Media Mimicry ,@RFWH_China,自由芜湖电台,18-Mar,,
,@SPkNQRk3gD9JBFZ,我是谁,18-Feb,,
,@QBtRXevzGPoPT0g,Иван Иванов,18-Feb,,
Canned Content,@EdwardEmma10,WINE,18-Feb,,
,@CoraAlcott,喵喵愛我,18-Feb,,
,@DeirdreEvan2,TEAM,18-Feb,,
,@MelissaDewey7,花想容儿,18-Feb,,
,@MorganDupont7,面朝大海，春暖花开,18-Feb,,
,@paddy_toland,小燕子穿花衣,18-Feb,,
,@PennyLandon1,我愛香港,18-Feb,,
,@pingguowoai,我愛食蘋果,18-Feb,,
,@PorterSusan7,春暖花开,18-Feb,,
,@AgnesFlynn16,树下跳舞的小悦,18-Feb,,
,@BarlowMoore2,胡子叔叔,18-Feb,,
,@elsie_gibbon,向日癸的秋天,18-Feb,,
,@linlingqian,林茜茜,18-Feb,,
,@BorisGreen7,云想衣裳,18-Feb,,
忽悠,@Anselqizikuan,战略忽悠局大洋洲分部🇨🇳🇦🇺,18-Feb,,
,@Laden_love_usa,和拉登一起爱美國旗幟「拉登科技有限公司董事长」,18-Feb,,
,@Szlgogo,🇨🇳种花家的兔子🇨🇳,18-Feb,,
Canned Content,@JoyLouis17,满树梨花开,18-Feb,,
Media Mimicry ,@FuxNews2019,,18-Feb,,
Canned Content,@RI308606,rafiq islam,18-Jan,,
Canned Content,@teto_coco,coco teto,18-Jan,,
Canned Content,@Sylvia66666666,Sylvia,18-Jan,,
平头哥,@pingtouge1993,平头哥,18-Jan,,
Media Mimicry ,@rFFf81Gc0E,自由福州电台,18-Jan,,
Media Mimicry ,@thechinese1984,中国人权网,18-Jan,,
PROPAGANDA,@chinaxizang86,我眼中的西藏,18-Jan,,
,@TRISTANPAULTP,PAUL,17-Dec,,
Canned Content,@Samson46712961,Samson,17-Dec,,
Canned Content,@Jill18686295,专治郭瘟龟,17-Dec,,
Canned Content,@BROU2208,BROU,17-Dec,,
Canned Content,@a1qa2qa3q,oopitipititi,17-Dec,,
Canned Content,@SzmoczyKuba,kuba,17-Dec,,
Canned Content,@HwaSanda,Sanda Hwa,17-Dec,,
,@Oleksan41279417,分基什么基,17-Dec,,
Trump,@yongkang5516,Red Trump,17-Dec,,
,@rockLee1314,🇨🇳(o´ω`o)🇨🇳,17-Dec,,
Canned Content,@desidnvv,"Demongen
",17-Dec,,
Media Mimicry ,@AOVchinese,新津之音中文网,17-Dec,,
Media Mimicry ,@Exnoys,逼逼吸中文網🇻,17-Dec,,
Canned Content,@EwZcrdsYNPeWG0m,Allen Lee,17-Nov,,
,@kildarepordeusa,Kildare melo Pordeus,17-Nov,,
Canned Content,@KyzinNikolay,人间四月天,17-Nov,,
Canned Content,@Dididid07552357,一眼成空,17-Nov,,
TRUMP,@GSvCfSFoiwl1ExJ,Trump VIRUS,17-Nov,,
忽悠,@cnSFA9527,战略忽悠局,17-Nov,,
Media Mimicry ,@RFC_Chinese,自由重慶电台,17-Nov,,
Canned Content,@gervomass829,皇后大道,17-Oct,,
Canned Content,@SMIDTBmhM3tEsz7,Никита,17-Oct,,
Canned Content,@manygirlboy,夏侯尊,17-Oct,,
Canned Content,@tW0lHw4e1Hyqa9Q,一清,17-Sep,,
,@Ana29249379,Ana,17-Sep,,
Canned Content,@Kinia0110,Smolnik,17-Sep,,
,@PavliysPavel,pavel pavliys,17-Sep,,
Canned Content,@mhozdenlite,Mahmut,17-Sep,,
Canned Content,@simbolismopaulo,Nana酱,17-Sep,,
Canned Content,@Mikeliu02510740,刘智勇,17-Sep,,
Media Mimicry ,@lee2_tango,自由中国电台 Radio Free China,17-Sep,,
,@Kaloumao,自干五爱中国,17-Aug,,
Canned Content,@Oleczka2002,可人,17-Aug,,
,@yuelaolaoyue,握不住背影,17-Aug,,
Canned Content,@zx1GYANPYERqxVx,今天也要开心鸭,17-Aug,,
,@aozhantian,战天傲刃,17-Aug,,
Canned Content,@MarcSanchez666,桥底辣蟹蟹,17-Aug,,
Canned Content,@mineoot,风驰掣,17-Aug,,
Media Mimicry ,@NotRFF_Chinese,自由自由电台🕊️主编,17-Aug,,
Canned Content,@bourgias_chan,徐欣欣,17-Jul,,
Canned Content,@gadogolf,金陵名媛,17-Jul,,
Canned Content,@moonk36,이문규,17-Jul,,
Canned Content,@pradeepmcpl,pradeep kumar sharma,17-Jul,,
,@TicoRealife,Realife,17-Jul,,
,@Alios_Kirdar,ALİ OSMAN KIRDAR,17-Jul,,
Canned Content,@IanGan8,也许是第一,17-Jul,,
Canned Content,@Geovann56282836,叶子小姐,17-Jul,,
TRUMP,@q_q_777,Truth of America,17-Jul,,
忽悠,@JokerBeginner,战恐局西南军区少尉,17-Jul,,
,@GreatStone_King,Stone King 南極洲旗幟,17-Jul,,
,@guowengui360,香港解密Waving handwww.hkleaks.pk,17-Jul,,
深红爱国联盟,@CBj2y,「深红爱国同盟」&李政炅（爱国、爱党；严重鄙视伪倭寇杂种）,17-Jul,,
 兔子,@MIKE19577897,MIKE🇨🇳,17-Jul,,
 兔子,@Berlinhan87,Berlin han,17-Jul,,
Media Mimicry ,@Master07DC,自由東京電台,17-Jul,,
Media Mimicry ,@qazxsd233,CNM International🇻,17-Jul,,
Media Mimicry ,@RFF_Chinese,自由自由电台🕊️,17-Jul,,
Media Mimicry ,@ziv0525,台蛙之音中文网,17-Jul,,
Media Mimicry ,@BBC_Taiwansheng,BBC Taiwan,17-Jul,,
Canned Content,@FranckLESCUT,全球疫情,17-Jun,,
Canned Content,@GeorgiyZaplatin,许你万丈光芒好,17-Jun,,
Canned Content,@SHAD0VE9cU7FQrF,이혜찬,17-Jun,,
Canned Content,@coatmellec_jean,Jean coatmellec,17-Jun,,
,@kkrzyzelewska,Katarzyna Krzyzelews,17-Jun,,
战狼中队,@xlongchina,战狼中队🇨🇳冷锋,17-Jun,,
Media Mimicry ,@RDA_Chinese,民主亞洲電台,17-Jun,,
,@rabbit_ball522,우주토끼,17-May,,
Canned Content,@dool_li,徐超群,17-May,,
Canned Content,@_anna_alina_,許彩霞,17-May,,
Canned Content,@flying_mins,萌小兔,17-May,,
,@marcin7808,Marcin,17-May,,
Canned Content,@syssicat,金陵十三钗,17-May,,
,@YeXiaofei,叶晓飞,17-May,,
PLA,@Chinese_RedArmy,中國紅色陸軍師（駐台灣省特別軍區）,17-May,,
Media Mimicry ,@GuoWenGui2017,中国全球新闻,17-May,,
Canned Content,@vingeor,徐家铺子,17-Apr,,
Canned Content,@acalaelen,Kaan Berkay Bulut,17-Apr,,
,@Alexandre250973,Alexandre Macedo,17-Apr,,
Canned Content,@KiyoshiSakinada,Kiyoshi Sakinada,17-Apr,,
Canned Content,@LaurentBonnot94,咖喱鱼蛋蛋,17-Apr,,
Canned Content,@kaczyk82,米米,17-Apr,,
,@romy24000,我是一只没有感情的猫,17-Apr,,
,@gkhngulermi,Gökhan Güler,17-Apr,,
Canned Content,@LinnertWiebke,专咬坏蛋,17-Apr,,
忽悠,@YuyuyuyuyuXu,战忽局北美驻加拿大巡查长官,17-Apr,,
忽悠,@lfvdrqhqrhmkjj6,中国战略忽悠局南洋支部,17-Apr,,
,@北美吹哥,brother_chui,17-Apr,,
Canned Content,@marelle1985,小柒加油,17-Apr,,
Media Mimicry ,@CnmNmsl3,中国有线电视新闻网（英文版）,17-Apr,,
Media Mimicry ,@SovietPost,The Soviet Post中文网🇻,17-Apr,,
,@even4328,Konrad,17-Mar,,
Canned Content,@Meisterolof1,哆啦无梦,17-Mar,,
,@OliverWoelfer,强仔,17-Mar,,
Canned Content,@AnnaElchiparova,Anna Elchiparova,17-Mar,,
,@fengrenyuan2017,郭文贵真相,17-Mar,,
,@ina_webel,八极崩,17-Mar,,
,@Lalikiraly35,GM4,17-Mar,,
,@LiberaFilip,Filip Libera,17-Mar,,
反美,@zhengjunwei,中华民族反美青年联盟,17-Mar,,
深红爱国联盟,@23r0n3,深红爱国同盟🇨🇳,17-Mar,,
,@bloceusa,Terex,17-Mar,,
Canned Content,@HdisishBshsi,秦怡,17-Feb,,
Canned Content,@EGYcZFI416U47yg,莫小言,17-Feb,,
,@Ropkazip,Robin grünbuam,17-Feb,,
,@s_1215_s,alove U,17-Feb,,
,@kurtkps,KURT SEIDEL,17-Feb,,
,@WillLew03901170,Will Lewis,17-Feb,,
Canned Content,@KreMan14,Kre Man,17-Feb,,
Canned Content,@eorlakstjddl,瞌睡猫,17-Feb,,
忽悠,@ousann_chn,ou 🇨🇳☭,17-Feb,,
,@1006132248LOW,台独港独狗团队死妈China NO.1,17-Feb,,
忽悠,@gebiwangshifu,中国战略忽悠局前副局长奥观海,17-Feb,,
Media Mimicry ,@PREA_China,东亚人民电台🇨🇳🇲🇳🇰🇵🇯🇵🇰🇷,17-Feb,,
Media Mimicry ,@RD_RIP_3Body,民主RIP電台,17-Feb,,
Media Mimicry ,@RF_RIP_3Body,自由RIP電台,17-Feb,,
Canned Content,@IyL4hDohXLax34O,太阳花,17-Jan,,
,@fengbaqi,霸氣風,17-Jan,,
Canned Content,@hiroaki81770300,hiroaki,17-Jan,,
PLA,@GreatPLANAVY,人民海军向前进Flag of China,17-Jan,,
忽悠,@iNnjeukXLgNLbO3,中国人民解放军中部战区战略忽悠局局长,17-Jan,,
Canned Content,@zubrickiy1997,青衣,17-Jan,,
Canned Content,@Rustam_02rus,一平,17-Jan,,
Canned Content,@MilanKim0905,Candy Puppy,17-Jan,,
FAKE ORG,@US_HRC,Daisy Jones 🇺🇸😷🎗,17-Jan,,
Media Mimicry ,@beinglovedthank,The Voice of Africa非洲之聲台灣網,17-Jan,,
Media Mimicry ,@LoveCN_JP,香港之聲,17-Jan,,
,@peasho83,Paula,17-Jan,,
Canned Content,@wessps4,許老三羊肉館,16-Dec,,
Canned Content,@Mari__2580,Maria,16-Dec,,
Canned Content,@LukaszKulik2,烦不了,16-Dec,,
Canned Content,@gibert1738892,徐苗苗,16-Dec,,
Canned Content,@emagdi12,Endes Magdi,16-Dec,,
Canned Content,@UsmU3oet2WZTvHr,老徐的希望,16-Dec,,
Canned Content,@XEYoruxME48Mjs4,Bece tieare,16-Dec,,
Canned Content,@fioillumin,灣仔小紅花,16-Dec,,
Canned Content,@georgeppsingne1,打破傻郭问到底,16-Dec,,
Canned Content,@VityaKutitckiy,老徐的家乡,16-Dec,,
忽悠,@CNZHJ_Li_Sinian,中国人民解放军战忽局云南总书记李斯年,16-Dec,,
,@wuwuoqqq,Mikeliu02510740,16-Dec,,
Media Mimicry ,@sunxiao32152318,bbC特派LGBT中東殘疾記著川:-D孫👳👫👬,16-Dec,,
Canned Content,@HuseyinGktp,Hüseyin,16-Nov,,
Canned Content,@Mama_010203,Margaux,16-Nov,,
Canned Content,@FyRzYuPN0yXfUUf,栗子,16-Nov,,
,@jeanjeandu11,猴赛雷,16-Nov,,
Canned Content,@PompyLesly,砸锅小能手2号,16-Nov,,
,@Grombest2,BB,16-Nov,,
,@montyerbert,月牙湾,16-Nov,,
Canned Content,@smbudk,純屬扯蛋,16-Nov,,
Canned Content,@EBRDsengleza,前街男孩,16-Nov,,
,@FoynaDenis,Denis Foyna,16-Nov,,
忽悠,@BLUEYA1,战略忽悠局北美分局,16-Nov,,
Media Mimicry ,@quantiziyoudian,全体自由电台,16-Nov,,
,@chuater,珂珂,16-Oct,,
Canned Content,@Gerald19391978,徐老头的烟袋,16-Oct,,
Canned Content,@OLIVIALESUR1,micay,16-Oct,,
,@cordeiro_cl,點點,16-Oct,,
Canned Content,@emprgorgar,木桩,16-Oct,,
Canned Content,@RezToth,砸锅小能手3号,16-Oct,,
Canned Content,@Starichok_ok,Старый,16-Oct,,
Canned Content,@William97507548,Morgan,16-Oct,,
Canned Content,@Icy787148965,icy Lee,16-Oct,,
Canned Content,@PiastuQgames,Kungfu girl,16-Oct,,
Canned Content,@givetome321,罗斯福,16-Sep,,
Canned Content,@TOCqT7wkSXho2vr,徐紫依,16-Sep,,
BROADCASTER,@GerasimTikhonov,新新向荣,16-Sep,,
Canned Content,@ricke_vicki,努力努力再努力,16-Sep,,
Canned Content,@AsapRockysquaa,也许不是也许,16-Sep,,
,@QuadDom,Dom,16-Sep,,
,@fevroniyapotap4,王王博博,16-Sep,,
Canned Content,@ArmeniyKabanov,☆COVID☆～～︴,16-Sep,,
Canned Content,@KGV122,噜噜,16-Aug,,
Canned Content,@jiejiezou,一个人的街,16-Aug,,
,@Nadya_Vychkan,我胖可是我会飞啊,16-Aug,,
,@jassyie5,Jasmin fuhrmann,16-Aug,,
,@yycchihi,意痴痴,16-Aug,,
Canned Content,@teterinasvobod5,圈圈个个都是人才^_^说话又好听,16-Aug,,
Canned Content,@YriyBezpalchiy,William,16-Aug,,
忽悠,@1314CNMBCNNBBC,Flag of China战略忽悠局Flag of China东方电子报Flag of China☯,16-Aug,,
Media Mimicry ,@ArmaniGuoQu,Armani.cn🇻,16-Aug,,
Media Mimicry ,@RFAH_China,自由安徽电台,16-Aug,,
Media Mimicry ,@VoiceOf_DDR,民主德國之聲中文網Voice Of GDR Chinese,16-Aug,,
Media Mimicry ,@wwwYQ6631247661,BBC造谣栏目 🎙️,16-Aug,,
,@kinganermin,Nermin,16-Aug,,
Canned Content,@Ev2utgj3pY4GTWK,Василь Кузьмич,16-Jul,,
Canned Content,@miroslaw_22,夏天黑大头,16-Jul,,
Canned Content,@Moesmarketplace,Moes Marketplace,16-Jul,,
,@FcNantesTeam,Fc.Nantes.Team,16-Jul,,
Canned Content,@shaydyuk031,Паша Шайдюк,16-Jul,,
Canned Content,@Miekkafaja,你在干嘛鸭,16-Jul,,
Canned Content,@WJBZ7788,斯坦沃·李,16-Jul,,
Canned Content,@ohapchik07,苏菲斯,16-Jul,,
Canned Content,@Frends123Mazur,罗德曼,16-Jul,,
Canned Content,@Paulinqa01,:),16-Jul,,
Media Mimicry ,@RFl_Ch,RFI 华语 - 法国国际厂播电台🥶,16-Jul,,
Canned Content,@GAY922,旭日东升,16-Jun,,
Canned Content,@heeyahyuk,MichaelskeRuss),16-Jun,,
Canned Content,@jprobbe,Andruha2907Russ),16-Jun,,
,@HUK184444,托马斯回旋踢,16-Jun,,
Canned Content,@BoscoloDavid,David Boscolo,16-Jun,,
Canned Content,@_Lola_Games_,LolaGamess,16-Jun,,
Canned Content,@JLee82678,杰杰,16-Jun,,
Canned Content,@333CJ_tw,大柒加油,16-Jun,,
Canned Content,@gaklanet,Gakla,16-Jun,,
PORN FORGERY,@Pornhub_mts,Pornhub迷投稿集,16-Jun,,
,@svetlanagordov1,Сoco,16-May,,
Canned Content,@trunovnik1,Matt Mercy,16-May,,
Canned Content,@xiaorchid,♥️⁷,16-May,,
Canned Content,@X44961,竟无语凝噎,16-May,,
忽悠,@catas06640276,中国人民解放军战略忽悠局保健院,16-May,,
,@Taric_Tsai,【化学课代表】网管齐格桑,16-May,,
Media Mimicry ,@CDBS123,自由电台电台,16-May,,
,@E1yWallace,Илья,16-Apr,,
Canned Content,@pestoviordan,圈圈一加一,16-Apr,,
Canned Content,@Ignazio62639039,许佳佳,16-Apr,,
Canned Content,@marcellakapust1,Марy Нerоader,16-Apr,,
Canned Content,@gertafanasev2,gewer rader,16-Apr,,
Canned Content,@jiaeir,桃源境,16-Apr,,
Canned Content,@fowblenicet,窗户里的小孩,16-Apr,,
Canned Content,@Mandyselenaju,港岛奶茶妹,16-Apr,,
Canned Content,@GeorgesBurger,许愿,16-Apr,,
Canned Content,@DabanlYasin,yasin dabanlı,16-Mar,,
Canned Content,@Zabusik97,梦入虚空,16-Mar,,
,@xiaoxiasusu,苏晓夏,16-Mar,,
Canned Content,@artyomjtavdeev,圈圈^_^,16-Mar,,
Canned Content,@ilaydabasmaci,ilo,16-Mar,,
Canned Content,@patrykj25,是吃可爱长大的,16-Mar,,
Canned Content,@velocon2,下雨天也要冒泡,16-Mar,,
BROADCASTER,@niuniu__Liu,刘妞妞,16-Mar,,
忽悠,@cc0r67bmf,中国人民解放军战忽局北美战区战略指挥中心办公室,16-Mar,,
,@ColinLiu666,WTF80 🇨🇳🇨🇳🇨🇳,16-Mar,,
Canned Content,@tutuxiang,塗塗巷,16-Feb,,
Canned Content,@6LHw2hWjUb7Qaq1,米尔,16-Feb,,
Canned Content,@dreamingofthes2,許你一個美好心願,16-Feb,,
,@immashootya,Nico Baumann,16-Feb,,
Canned Content,@vladi_kot,半老徐娘,16-Feb,,
Canned Content,@alexsilver666,海阳,16-Feb,,
Canned Content,@yoloo2323,罗铺子,16-Feb,,
Canned Content,@restrest1009,港馬仔,16-Feb,,
Canned Content,@gigi7271962,咕咕鸡,16-Feb,,
Canned Content,@agcrctouche,火柴天堂,16-Feb,,
Canned Content,@JDJU4qGRs1Cl3TN,POLA,16-Feb,,
Canned Content,@CombotFrancois,全球疫情,16-Feb,,
,@BOrrUDQwiFXlE8M,港仔,16-Feb,,
Canned Content,@emilie_rueda,Emilie Rueda,16-Feb,,
Canned Content,@denxtrucker,正阳门,16-Feb,,
Canned Content,@lvfengfeng,绿枫叶,16-Feb,,
,@3JvmGq5399g3VNS,ocean,16-Jan,,
Canned Content,@PaomeesMarek,孔红,16-Jan,,
Canned Content,@mina_jenminag,霍比特人,16-Jan,,
Canned Content,@akaya040571,AYDIN KAYA,16-Jan,,
Canned Content,@Selenam75344270,宝宝头疼,16-Jan,,
Canned Content,@hellosevong,소중한 당신에게,16-Jan,,
Canned Content,@hope613218,Believe in hope🌸,16-Jan,,
Canned Content,@fromdstcolomon,久等了,16-Jan,,
Canned Content,@azz_lord,Azefe,16-Jan,,
Canned Content,@Ethann76256721,Pug Mum,16-Jan,,
,@swiety_ukasz,Łukasz Święty,16-Jan,,
Canned Content,@lookoutestring,Agostina,16-Jan,,
,@husband_s1,杨少侠说时事🇨🇳🇨🇳🌈🌈🌈🌈,16-Jan,,
Canned Content,@Cracklenuts,卡琳琳,16-Jan,,
Media Mimicry ,@Cute_SupermanCN,自由宇宙电台,16-Jan,,
Canned Content,@poporuandGOLO,poporu,15-Dec,,
,@Louise5522,Wojciech Dąbek,15-Dec,,
Canned Content,@eminetopdas,Emine Topdaş,15-Dec,,
忽悠,@Shawn31415926,Shawn Flag of China Strategic Fooyou Agency Flag of China,15-Dec,,
Canned Content,@UntreueJulia,batonyaa ♥️,15-Dec,,
,@YIT76W90DGuWUCX,1988,15-Nov,,
,@TammHindrek,Hindrek Tamm,15-Nov,,
Canned Content,@putonucas17,Edgar,15-Nov,,
Canned Content,@gmhtgjones,静静地看着你,15-Oct,,
,@gelbikonusacaz1,mustafakocaoglu,15-Oct,,
,@dere_olga,miky青,15-Oct,,
BROADCASTER,@luna__45,爱我中华,15-Oct,,
,@bartosz_lekki,Bartosz Lekki,15-Sep,,
,@nihan_nd,Nihan,15-Sep,,
,@jwlee1347,話唔夠,15-Sep,,
,@ksandr_sanek,WiYa,15-Aug,,
,@VenusHamato,小馬哥,15-Aug,,
Canned Content,@mhokan_kaan,Muharrem Bingöl,15-Jul,,
,@Ufukyldrmm1,Ufuk Yıldırım,15-Jul,,
Canned Content,@adambezhubka,adambezhubka,15-Jul,,
,@Riki12Victor,Rima Keteci,15-Jul,,
Canned Content,@pinosacha5,鐘小姐,15-Jul,,
,@gach_marcin,Marcin Gach,15-Jun,,
Canned Content,@unsalerkan,ÜNSAL ERKAN:𐱅𐰇𐰼𐰰:,15-Jun,,
,@MijanRpi,Mijan Rahman Mithu,15-Jun,,
Xinjiang,@GrandBeautyXJ,GrandBeautyXJ,15-Jun,,
PRC Officail,@cn_humanrights,China Human Rights,15-Jun,,
,@mohitpawar131,冇眼睇,15-May,,
Canned Content,@Babywol19,KeepOnShiningSHINee,15-Apr,,
,@StBaranowski,Piotr Baranowski ,15-Apr,,
Canned Content,@knyknyolga,Olga Knyazeva,15-Apr,,
Media Mimicry ,@Vincen2015,Vagina of America 美國之陰中文網©️,15-Apr,,
,@AnetaPolok1980,Aneta Połok,15-Mar,,
Canned Content,@VallotMichael,Michael Vallot,15-Mar,,
Canned Content,@_Zero_Horizon_,Lew [SDMN],15-Feb,,
,@LachlanOwens,龍嘅傳人,15-Feb,,
,@wiktoriax50,Wiktoria Szalewska,15-Feb,,
,@olegsrkin,Oleg Sorokin,15-Feb,,
,@makariGG,好日子,15-Feb,,
,@nadry19853,mohamed nadry,14-Dec,,
Canned Content,@andrejstapel,Andrzej Stąpel,14-Dec,,
Canned Content,@SasmazLara,Lara Şaşmaz,14-Nov,,
,@Genero_Frido,薪火相傳,14-Nov,,
Canned Content,@resulince61,Resul İnce,14-Nov,,
,@YoulChan,蝴蝶菲菲,14-Oct,,
,@michal5234,Michał,14-Oct,,
Media Mimicry ,@n1k255kKOVF392r,美国之嘤中文网🥶,14-Oct,,
Canned Content,@weedahamzah,Weeda Hamzah,14-Sep,,
Canned Content,@fitz_tanala,Fitz,14-Sep,,
,@lolipooop9,Алексей Пугин,14-Aug,,
PPE,@fortekjerry,Jerry,14-Aug,,
,@Stelf4659,Andreas Kalvet,14-Jul,,
Canned Content,@jcrespa,Jorge G. Crespillo,14-Jul,,
Canned Content,@Kovalvg49,小安,14-Jul,,
Canned Content,@cedricclaude21,心连着❤,14-Jul,,
,@zyx0036,bale  zhang,14-Jul,,
,@gulbashirova,Gul Bashirova✴️,14-Jul,,
Canned Content,@cfangcao,藍鳶,14-Jun,,
Canned Content,@Ieejenodd,杰克逊,14-Jun,,
,@CaroleLuciaM,Karolina Mazur,14-Jun,,
,@heshiley2012,Hilal Acar,14-Jun,,
BROADCASTER,@df56406843,战役必胜！！,14-Jun,,
Media Mimicry ,@CNzhisheng,CN之声 🇨🇳,14-Jun,,
Canned Content,@downlin,D0wn,14-May,,
Canned Content,@ejoyfadriquela,elaine✨,14-May,,
,@rain2011613,See the rainbow after the rain,14-May,,
,@RacePion,Claudio Pighi #facciamorete,14-May,,
Canned Content,@jknowassup,this that n the 3rd,14-May,,
,@Bartomiejwojci1,Bartłomiej wojciecho,14-Apr,,
,@BlvckSquadClan,VOA自由,14-Apr,,
Canned Content,@akandkara,YAZI TURA,14-Apr,,
Canned Content,@capclarice,团结奋进,14-Apr,,
CNTRL,@knightjlh,kukacanan,14-Apr,,
,@alorek77,larry bob,14-Mar,,
Canned Content,@smailaktr,İsmail Aktürk,14-Mar,,
Canned Content,@EGamecraft99,ESRRAR,14-Feb,,
Media Mimicry ,@liuyuecan,微视中华Flag of China,14-Feb,,
Canned Content,@SimovicKaram,Karam,14-Jan,,
Canned Content,@frknumut,Furkan UMUT,14-Jan,,
Canned Content,@rollsmokenpass,Zorbey,14-Jan,,
,@95Martyce,martina cecere,14-Jan,,
PROPAGANDA,@tibet_online,tibetonline,14-Jan,,
Canned Content,@13huseyindemir,hüseyin demir,13-Dec,,
Canned Content,@haydartopcuoglu,haydar topcuoglu,13-Nov,,
Canned Content,@nurulay2003,T.C.NurulAyn Tanriverdi,13-Nov,,
,@igor_igorman,Igor,13-Oct,,
,@Ismail_Ergezer1,İSMAİL ERGEZER,13-Oct,,
,@bartasek12,bartek wojtaszewski,13-Aug,,
Canned Content,@CemDOKUMAN,Cem DOKUMAN,13-Jul,,
,@AsAurich,李灿灿,13-Jul,,
,@karolo123549,karolo123549,13-Jul,,
,@IsabelaBella244,一起等流星,13-Jun,,
Canned Content,@DLalender,Lalender Demir,13-Jun,,
Canned Content,@fusunerbas,fusunerbas,13-Apr,,
Canned Content,@DulBynlaEvlnrm,deli ihsan,13-Apr,,
,@eldar0105,Эльдар Неджафов,13-Apr,,
Canned Content,@lauskis31,martins redovics,13-Mar,,
,@Magic_yangwenli,黄之疯 LGBT-尼哥-香港废青蟑螂保护者 怒艹蔡英文老屄,13-Mar,,
,@JohnDoe79497908,John Doe,13-Feb,,
,@dymeekk,Szymon Lazarowicz,13-Feb,,
,@xiaoxuemeimei,小雪妹妹,13-Feb,,
Media Mimicry ,@RFAmerica_CHN,自由美洲电台，,13-Feb,,
Canned Content,@AleMops1980,Елена Крюкова,13-Jan,,
,@Romaanoova,Katerina,12-Dec,,
BROADCASTER,@JeuneFeet,Feet,12-Dec,,
,@benniii99,benedetta piredda,12-Dec,,
,@TuyadDernegi,TUYAD,12-Dec,,
UNK,@eppdetectives,不爱吃青椒的小新,12-Dec,,
Media Mimicry ,@bbqchinese,,12-Dec,,
Media Mimicry ,@steveshi__0033,自由火星电台,12-Dec,,
Canned Content,@YChnTai,Yü Chün Tai,12-Nov,,
,@Xxorokxx,哈哈叔叔,12-Nov,,
,@ninolomby,antonino lombardo,12-Oct,,
,@JevgeniDV,Jevgeni,12-Oct,,
Canned Content,@abhaykumar04,AbhayKumarSingh,12-Sep,,
,@metsakoer,anton kuzmin,12-Sep,,
Canned Content,@Arturguve,等花开,12-Sep,,
Canned Content,@arnaud_brohan,微风拂面,12-Aug,,
Canned Content,@GeylaniKARADURN,A.G.K,12-Aug,,
BROADCASTER,@cathy_taillez,战胜疫情共赢花开,12-Aug,,
,@ciro_ingui,Ciro Ingui,12-Jul,,
,@MeralbagcMeral,Meral Bağcı,12-Jul,,
,@na_bento,Nazan Berrak,12-Jul,,
,@arman09489,妍妍,12-Jul,,
Media Mimicry ,@twrtv_china,台湾广播电视台,12-Jul,,
Canned Content,@JonFromIsrael,Jonathan Himmelfarb,12-Jun,,
,@HaziqDanisy,砸锅屠龟,12-Jun,,
Canned Content,@herasteria,‏ْ,12-Jun,,
,@masen1980,andrea masini,12-Jun,,
,@LeilaGy,Leila Guseynova,12-May,,
Canned Content,@hunfb,Dönüşkenoloji,12-May,,
,@Maciek_Knapik,Maciek Knapik,12-May,,
,@GabiRamiirezz,Lovelif,12-May,,
Media (CCP),@RFUWorld,自由宇宙电台,12-May,,
Canned Content,@ManUtd,Manchester United,12-Apr,,
,@MCattelani,Maurizio Cattelani,12-Apr,,
Canned Content,@PEM869,夏日冰阔落,12-Mar,,
,@ZemlyakG,Тимур,12-Feb,,
,@KubaBartman,Kübra deniz,12-Feb,,
,@Yusuf_Korkmaz1,YUSUF KORKMAZ,12-Feb,,
Media Mimicry ,@jayxiao171735,美国之方中文网,12-Feb,,
Canned Content,@esrakahraman10,esra kahraman,12-Jan,,
,@asyacosmo,Asya Zeybekci,12-Jan,,
,@MariuszKleiber,Mariusz Kleiber,12-Jan,,
Canned Content,@attsVAXVMS,Alide,12-Jan,,
Canned Content,@indirbeniusta,Xanthian,12-Jan,,
Canned Content,@realmadriden,Real Madrid C.F. 🇬🇧🇺🇸,12-Jan,,
,@IL_TiA85,Mattia Ferraris,11-Dec,,
Media Mimicry ,@RFT258,自由台灣電台,11-Dec,,
,@JakubWoniak,Jakub Woźniak,11-Nov,,
Canned Content,@AlbertHabip,Albert Habip,11-Nov,,
Canned Content,@savas_ank,savaş tufan,11-Nov,,
,@basia_d24,basia,11-Nov,,
Canned Content,@JuaannFe,Sr Chonps 🐺✌⚓❄️,11-Nov,,
Media Mimicry ,@RadioFreeXJP,自由习近平电台 RadioFreeXJP,11-Nov,,
Media Mimicry ,@RFA_CHlNESE,自由鸭子电台,11-Nov,,
,@cyttrynkaa,花上一只小鸟,11-Oct,,
Canned Content,@AliUfukYorulmz,Ali Ufuk YORULMAZ,11-Oct,,
Media Mimicry ,@chinarealvoice,"中国之音Flag of China中国自己的声音Flag of China
",11-Oct,,
深红爱国联盟,@linzyHsu,深红爱国联盟,11-Sep,,
Canned Content,@yoonkixx,s/n ֶָ֢֪ ⁷,11-Aug,,
Canned Content,@aix,#NAME?,11-Aug,,
Canned Content,@Ferhatce12,Eğleniyor muyuz?,11-Jul,,
Canned Content,@mustfaylmzz,mustafa yılmaz,11-Jul,,
,@vivi8510,⁠⁠J⁠⁠e⁠⁠⁠f⁠⁠f⁠ ⁠⁠T⁠⁠i⁠⁠e⁠⁠d⁠⁠⁠⁠r⁠⁠C⁠⁠i⁠⁠⁠c⁠⁠h⁠⁠⁠⁠ᅠ,11-Jun,,
Canned Content,@marcoagguzman,Marco Guzman,11-Jun,,
,@smietana102,Mateusz Tomczak,11-Jun,,
,@p_vitorino,NBA結束咗,11-May,,
,@tnickels3,戴着的红帽子,11-May,,
Canned Content,@freemason5,繁花似锦,11-May,,
Canned Content,@choimin9,爱❤,11-Apr,,
Canned Content,@T_lizzyly,#NAME?,11-Apr,,
Canned Content,@kejdimurati,Kejdi Murati,11-Mar,,
,@cutejh3,小草绿油油,11-Mar,,
Canned Content,@TSN141,tahsin sevgel,11-Mar,,
,@raili36,Raili,11-Mar,,
,@paolo597,paolo gavagnin,11-Feb,,
,@oushandervsoglu,Oguzhan Dervisoglu,11-Feb,,
老外,@senmernewswire,Arthur Huang,11-Feb,,
Canned Content,@abdullahkaya09,abdullah kaya,11-Jan,,
Canned Content,@Azmicnrlr,Azmi Can,11-Jan,,
,@iglesu,joseluisiglesias,10-Dec,,
Canned Content,@TNC_Captain,The Captain,10-Dec,,
Canned Content,@mehmet_39,serdar,10-Oct,,
Canned Content,@escbr34,realAmateur porno,10-Oct,,
,@henrivictor,Anri / Ash,10-Sep,,
,@merveure,merve,10-Aug,,
Canned Content,@park_jinkang,指上菁芜,10-Aug,,
Canned Content,@beforeitbreak,aylin kabasakal,10-Jul,,
,@isbel82,Isbel Alfonzo de Baptista,10-Jul,,
,@jheffo,John,10-Jun,,
Canned Content,@EMRETERMELI,emre enkidu,10-Jun,,
,@DELVIFO,DELVALLE FERNANDEZ,10-May,,
,@darken87,Simone Ruscito,10-Apr,,
Canned Content,@halukh,A.Haluk Horozoglu,10-Mar,,
,@Olevtheone,Olev Gudovski,10-Feb,,
,@beastie_ol,beastie,10-Feb,,
Canned Content,@topinsblogger,七七,10-Jan,,
,@PeacefulWorld23,Freemasonry,9-Dec,,
,@LeandroBH2010,朱朱不是猪猪,9-Nov,,
,@cuneyyt,Baron Humbert von Gikkingen,9-Sep,,
,@AleksandraHeya,春暖,9-Aug,,
,@mehmeturgut,Mehmet Turgut,9-Aug,,
,@AlbertPotma,把星星摘下来,9-Jun,,
,@Siliis,Liis Si,9-May,,
,@theoakleys,伍燕,9-May,,
,@thehill,The Hill,7-Mar,,
Media Mimicry ,@ChinaTheVoice,中国之音🇨🇳,4-Apr,,
？？？？,@GOD8886,中华联邦大总统～俯瞰天下！,,,
PPE,@RubyZha60359115,Ruby Zhang,,,
PPE,@N95Health,N95,,,
忽悠,@blEZnlwAcJKbPlx,中国战略忽悠局二三三后勤,,,
忽悠,@DYING02915431,战忽局新进干员🇨🇳258#D,,,
深红爱国联盟,@z2IuipoAXhXRyJD,李晦之二 (深红爱国联盟）,,,
,@communist_front,共產主義戰線,,,
,@ChineseNzn, ,,,
,@TianGod_211,GodTian_211,,,
,@2077code,,,,
,@domainnic,刘智勇,,,
,@LGBTduda,人民公敌杜淦天,,,
,@Steven_Suxipo3,苏西坡（要整我快点整，死得痛快点）,,,
Xinjiang (JP),@chinaxinjiang21,chinaxinjiang_jp,,,
Canned Content,@TashaBowers15,Elizabeth,,,
Media Mimicry ,@RFJ__China,,,,
Media Mimicry ,@RFWuTong_China, ,,,
Media Mimicry ,@rtcq_china,推特春秋电台,,,
Media Mimicry ,@wcnmCNN,三好少年,,,